😀	grinning face	cheerful|cheery|happy|laugh|nice|smile|smiling|teeth
😃	grinning face with big eyes	awesome|happy|mouth|open|smile|smiling|teeth|yay
😄	grinning face with smiling eyes	happy|laugh|lol|mouth|open|smile
😁	beaming face with smiling eyes	grin|grinning|happy|nice|smile|teeth
😆	grinning squinting face	closed|eyes|haha|hahaha|happy|laugh|lol|mouth|open|rofl|smile|smiling
😅	grinning face with sweat	cold|dejected|excited|mouth|nervous|open|smile|smiling|stress|stressed
🤣	rolling on the floor laughing	crying|face|funny|haha|happy|hehe|hilarious|joy|lmao|lol|rofl|roflmao|tear
😂	face with tears of joy	crying|feels|funny|haha|happy|hehe|hilarious|laugh|lmao|lol|rofl|roflmao
🙂	slightly smiling face	happy|smile
🙃	upside-down face	hehe|smile
🫠	melting face	disappear|dissolve|embarrassed|haha|heat|hot|liquid|lol|sarcasm|sarcastic
😉	winking face	flirt|heartbreaker|sexy|slide|tease|winks
😊	smiling face with smiling eyes	blush|glad|satisfied|smile
😇	smiling face with halo	angel|angelic|angels|blessed|fairy|fairytale|fantasy|happy|innocent|peaceful|smile|spirit|tale
🥰	smiling face with hearts	3|adore|crush|ily|love|romance|smile|you
😍	smiling face with heart-eyes	143|bae|feels|hearts|ily|kisses|love|romance|romantic|smile|xoxo
🤩	star-struck	excited|eyes|face|grinning|smile|starry-eyed|wow
😘	face blowing a kiss	adorbs|bae|flirt|heart|ily|love|lover|miss|muah|romantic|smooch|xoxo|you
😗	kissing face	143|date|dating|flirt|ily|love|smooch|smooches|xoxo|you
☺️	smiling face	happy|outlined|relaxed|smile
😚	kissing face with closed eyes	143|bae|blush|date|dating|flirt|ily|kisses|smooches|xoxo
😙	kissing face with smiling eyes	143|closed|date|dating|flirt|ily|kisses|love|night|smile
🥲	smiling face with tear	glad|grateful|happy|joy|pain|proud|relieved|smile|smiley|touched
😋	face savoring food	delicious|eat|full|hungry|smile|smiling|tasty|um|yum|yummy
😛	face with tongue	awesome|cool|nice|party|stuck-out|sweet
😜	winking face with tongue	crazy|epic|eye|funny|joke|loopy|nutty|party|stuck-out|wacky|weirdo|yolo
🤪	zany face	crazy|eye|eyes|goofy|large|small
😝	squinting face with tongue	closed|eye|eyes|gross|horrible|omg|stuck-out|taste|whatever|yolo
🤑	money-mouth face	paid
🤗	smiling face with open hands	hug|hugging
🤭	face with hand over mouth	giggle|giggling|oops|realization|secret|shock|sudden|surprise|whoops
🫢	face with open eyes and hand over mouth	amazement|awe|disbelief|embarrass|gasp|omg|quiet|scared|shock|surprise
🫣	face with peeking eye	captivated|embarrass|hide|hiding|peep|scared|shy|stare
🤫	shushing face	quiet|shh
🤔	thinking face	chin|consider|hmm|ponder|pondering|wondering
🫡	saluting face	good|luck|ma’am|OK|respect|salute|sir|troops|yes
🤐	zipper-mouth face	keep|quiet|secret|shut
🤨	face with raised eyebrow	disapproval|disbelief|distrust|emoji|hmm|mild|skeptic|skeptical|skepticism|surprise|what
😐	neutral face	awkward|blank|deadpan|expressionless|fine|jealous|meh|oh|shade|straight|unamused|unhappy|unimpressed|whatever
😑	expressionless face	awkward|dead|fine|inexpressive|jealous|meh|not|oh|omg|straight|uh|unhappy|unimpressed|whatever
😶	face without mouth	awkward|blank|expressionless|mouthless|mute|quiet|secret|silence|silent|speechless
🫥	dotted line face	depressed|disappear|hidden|hide|introvert|invisible|meh|whatever|wtv
😶‍🌫️	face in clouds	absentminded|fog|head
😏	smirking face	boss|dapper|flirt|homie|kidding|leer|shade|slick|sly|smug|snicker|suave|suspicious|swag
😒	unamused face	...|bored|fine|jealous|jel|jelly|pissed|smh|ugh|uhh|unhappy|weird|whatever
🙄	face with rolling eyes	eyeroll|shade|ugh|whatever
😬	grimacing face	awk|awkward|dentist|grimace|grinning|smile|smiling
😮‍💨	face exhaling	blow|blowing|exhale|exhausted|gasp|groan|relief|sigh|smiley|smoke|whisper|whistle
🤥	lying face	liar|lie|pinocchio
🫨	shaking face	crazy|daze|earthquake|omg|panic|shock|surprise|vibrate|whoa|wow
🙂‍↔️	head shaking horizontally	no|shake
🙂‍↕️	head shaking vertically	nod|yes
😌	relieved face	calm|peace|relief|zen
😔	pensive face	awful|bored|dejected|died|disappointed|losing|lost|sad|sucks
😪	sleepy face	crying|good|night|sad|sleeping|tired
🤤	drooling face	
😴	sleeping face	bed|bedtime|good|goodnight|nap|night|tired|whatever|yawn|zzz
😷	face with medical mask	cold|dentist|dermatologist|doctor|dr|germs|medicine|sick
🤒	face with thermometer	ill|sick
🤕	face with head-bandage	hurt|injury|ouch
🤢	nauseated face	gross|nasty|sick|vomit
🤮	face vomiting	barf|ew|gross|puke|sick|spew|throw|up
🤧	sneezing face	fever|flu|gesundheit|sick|sneeze
🥵	hot face	dying|feverish|heat|panting|red-faced|stroke|sweating|tongue
🥶	cold face	blue|blue-faced|freezing|frostbite|icicles|subzero|teeth
🥴	woozy face	dizzy|drunk|eyes|intoxicated|mouth|tipsy|uneven|wavy
😵	face with crossed-out eyes	dead|dizzy|feels|knocked|sick|tired
😵‍💫	face with spiral eyes	confused|dizzy|hypnotized|omg|smiley|trouble|whoa|woah|woozy
🤯	exploding head	blown|explode|mind|mindblown|no|shocked|way
🤠	cowboy hat face	cowgirl
🥳	partying face	bday|birthday|celebrate|celebration|excited|happy|hat|hooray|horn
🥸	disguised face	eyebrow|glasses|incognito|moustache|mustache|nose|person|spy|tache|tash
😎	smiling face with sunglasses	awesome|beach|bright|bro|chilling|cool|rad|relaxed|shades|slay|smile|style|swag|win
🤓	nerd face	brainy|clever|expert|geek|gifted|glasses|intelligent|smart
🧐	face with monocle	classy|fancy|rich|stuffy|wealthy
😕	confused face	befuddled|confusing|dunno|frown|hm|meh|not|sad|sorry|sure
🫤	face with diagonal mouth	confused|confusion|disappointed|doubt|doubtful|frustrated|frustration|meh|skeptical|unsure|whatever|wtv
😟	worried face	anxious|butterflies|nerves|nervous|sad|stress|stressed|surprised|worry
🙁	slightly frowning face	sad
☹️	frowning face	sad
😮	face with open mouth	believe|forgot|omg|shocked|surprised|sympathy|unbelievable|unreal|whoa|wow|you
😯	hushed face	epic|omg|stunned|surprised|whoa|woah
😲	astonished face	cost|no|omg|shocked|totally|way
😳	flushed face	amazed|awkward|crazy|dazed|dead|disbelief|embarrassed|geez|heat|hot|impressed|jeez|what|wow
🥺	pleading face	begging|big|eyes|mercy|not|please|pretty|puppy|sad|why
🥹	face holding back tears	admiration|aww|cry|embarrassed|feelings|grateful|gratitude|joy|please|proud|resist|sad
😦	frowning face with open mouth	caught|guard|scared|scary|surprise|what|wow
😧	anguished face	forgot|scared|scary|stressed|surprise|unhappy|what|wow
😨	fearful face	afraid|anxious|blame|scared|worried
😰	anxious face with sweat	blue|cold|eek|mouth|nervous|open|rushed|scared|yikes
😥	sad but relieved face	anxious|call|close|complicated|disappointed|not|sweat|time|whew
😢	crying face	awful|feels|miss|sad|tear|triste|unhappy
😭	loudly crying face	bawling|sad|sob|tear|tears|unhappy
😱	face screaming in fear	epic|fearful|munch|scared|screamer|shocked|surprised|woah
😖	confounded face	annoyed|confused|cringe|distraught|feels|frustrated|mad|sad
😣	persevering face	concentrate|concentration|focus|headache|persevere
😞	disappointed face	awful|blame|dejected|fail|losing|sad|unhappy
😓	downcast face with sweat	close|cold|feels|headache|nervous|sad|scared|yikes
😩	weary face	crying|fail|feels|hungry|mad|nooo|sad|sleepy|tired|unhappy
😫	tired face	cost|feels|nap|sad|sneeze
🥱	yawning face	bedtime|bored|goodnight|nap|night|sleep|sleepy|tired|whatever|zzz
😤	face with steam from nose	anger|angry|feels|fume|fuming|furious|fury|mad|triumph|unhappy|won
😡	enraged face	anger|angry|feels|mad|maddening|pouting|red|shade|unhappy|upset
😠	angry face	anger|blame|feels|frustrated|mad|maddening|rage|shade|unhappy|upset
🤬	face with symbols on mouth	censor|cursing|cussing|mad|pissed|swearing
😈	smiling face with horns	demon|devil|evil|fairy|fairytale|fantasy|purple|shade|smile|tale
👿	angry face with horns	demon|devil|evil|fairy|fairytale|fantasy|imp|mischievous|purple|shade|tale
💀	skull	body|dead|death|face|fairy|fairytale|i’m|lmao|monster|tale|yolo
☠️	skull and crossbones	dead|death|face|monster
💩	pile of poo	bs|comic|doo|dung|face|fml|monster|poop|smelly|smh|stink|stinks|stinky|turd
🤡	clown face	
👹	ogre	creature|devil|face|fairy|fairytale|fantasy|mask|monster|scary|tale
👺	goblin	angry|creature|face|fairy|fairytale|fantasy|mask|mean|monster|tale
👻	ghost	boo|creature|excited|face|fairy|fairytale|fantasy|halloween|haunting|monster|scary|silly|tale
👽	alien	creature|extraterrestrial|face|fairy|fairytale|fantasy|monster|space|tale|ufo
👾	alien monster	creature|extraterrestrial|face|fairy|fairytale|fantasy|game|gamer|games|pixelated|space|tale|ufo
🤖	robot	face|monster
😺	grinning cat	animal|face|mouth|open|smile|smiling
😸	grinning cat with smiling eyes	animal|face|smile
😹	cat with tears of joy	animal|face|laugh|laughing|lol
😻	smiling cat with heart-eyes	animal|face|love|smile
😼	cat with wry smile	animal|face|ironic
😽	kissing cat	animal|closed|eye|eyes|face
🙀	weary cat	animal|face|oh|surprised
😿	crying cat	animal|face|sad|tear
😾	pouting cat	animal|face
🙈	see-no-evil monkey	embarrassed|face|forbidden|forgot|gesture|hide|omg|prohibited|scared|secret|smh|watch
🙉	hear-no-evil monkey	animal|ears|face|forbidden|gesture|listen|not|prohibited|secret|shh|tmi
🙊	speak-no-evil monkey	animal|face|forbidden|gesture|not|oops|prohibited|quiet|secret|stealth
💌	love letter	heart|mail|romance|valentine
💘	heart with arrow	143|adorbs|cupid|date|emotion|ily|love|romance|valentine
💝	heart with ribbon	143|anniversary|emotion|ily|kisses|valentine|xoxo
💖	sparkling heart	143|emotion|excited|good|ily|kisses|morning|night|sparkle|xoxo
💗	growing heart	143|emotion|excited|heartpulse|ily|kisses|muah|nervous|pulse|xoxo
💓	beating heart	143|cardio|emotion|heartbeat|ily|love|pulsating|pulse
💞	revolving hearts	143|adorbs|anniversary|emotion
💕	two hearts	143|anniversary|date|dating|emotion|ily|kisses|love|loving|xoxo
💟	heart decoration	143|emotion|hearth|purple|white
❣️	heart exclamation	heavy|mark|punctuation
💔	broken heart	break|crushed|emotion|heartbroken|lonely|sad
❤️‍🔥	heart on fire	burn|love|lust|sacred
❤️‍🩹	mending heart	healthier|improving|recovering|recuperating|well
❤️	red heart	emotion|love
🩷	pink heart	143|adorable|cute|emotion|ily|like|love|special|sweet
🧡	orange heart	143
💛	yellow heart	143|cardiac|emotion|ily|love
💚	green heart	143|emotion|ily|love|romantic
💙	blue heart	143|emotion|ily|love|romance
🩵	light blue heart	143|cute|cyan|emotion|ily|like|love|sky|special|teal
💜	purple heart	143|bestest|emotion|ily|love
🤎	brown heart	143
🖤	black heart	evil|wicked
🩶	grey heart	143|emotion|gray|ily|love|silver|slate|special
🤍	white heart	143
💋	kiss mark	dating|emotion|heart|kissing|lips|romance|sexy
💯	hundred points	100|a+|agree|clearly|definitely|faithful|fleek|full|keep|perfect|score|TRUE|truth|yup
💢	anger symbol	angry|comic|mad|upset
💥	collision	bomb|boom|collide|comic|explode
💫	dizzy	comic|shining|shooting|star|stars
💦	sweat droplets	comic|drip|drops|splashing|squirt|water|wet|work|workout
💨	dashing away	cloud|comic|fart|fast|go|gone|gotta|running|smoke
🕳️	hole	
💬	speech balloon	bubble|comic|dialog|message|sms|talk|text|typing
👁️‍🗨️	eye in speech bubble	balloon|witness
🗨️	left speech bubble	balloon|dialog
🗯️	right anger bubble	angry|balloon|mad
💭	thought balloon	bubble|cartoon|cloud|comic|daydream|decisions|dream|idea|invent|invention|realize|think|thoughts|wonder
💤	ZZZ	comic|good|goodnight|night|sleep|sleeping|sleepy|tired|zzz
👋	waving hand	bye|cya|g2g|greetings|gtg|hello|hey|hi|later|outtie|ttfn|ttyl|wave|yo|you
🤚	raised back of hand	backhand
🖐️	hand with fingers splayed	raised|stop
✋	raised hand	5|five|high|stop
🖖	vulcan salute	finger|hand|hands|Vulcan
🫱	rightwards hand	handshake|hold|reach|shake
🫲	leftwards hand	handshake|hold|reach|shake
🫳	palm down hand	dismiss|drop|dropped|pick|shoo|up
🫴	palm up hand	beckon|catch|come|hold|know|lift|me|offer|tell
🫷	leftwards pushing hand	block|five|halt|high|hold|pause|refuse|slap|stop|wait
🫸	rightwards pushing hand	block|five|halt|high|hold|pause|refuse|slap|stop|wait
👌	OK hand	awesome|bet|dope|fleek|fosho|got|gotcha|legit|okay|pinch|rad|sure|sweet|three
🤌	pinched fingers	gesture|hand|hold|huh|interrogation|patience|relax|sarcastic|ugh|what|zip
🤏	pinching hand	amount|bit|fingers|little|small|sort
✌️	victory hand	peace
🤞	crossed fingers	hand|luck
🫰	hand with index finger and thumb crossed	<3|expensive|heart|love|money|snap
🤟	love-you gesture	fingers|hand|ILY|three
🤘	sign of the horns	finger|hand|rock-on
🤙	call me hand	hang|loose|Shaka
👈	backhand index pointing left	finger
👉	backhand index pointing right	finger
👆	backhand index pointing up	finger
🖕	middle finger	hand
👇	backhand index pointing down	finger
☝️	index pointing up	finger|hand|this
🫵	index pointing at the viewer	finger|hand|poke|you
👍	thumbs up	+1|good|hand|like|yes
👎	thumbs down	-1|bad|dislike|good|hand|no|nope
✊	raised fist	clenched|hand|punch|solidarity
👊	oncoming fist	absolutely|agree|boom|bro|bruh|bump|clenched|correct|hand|knuckle|pound|punch|rock|ttyl
🤛	left-facing fist	leftwards
🤜	right-facing fist	rightwards
👏	clapping hands	applause|approval|awesome|congrats|congratulations|excited|good|great|homie|job|nice|prayed|well|yay
🙌	raising hands	celebration|gesture|hooray|praise|raised
🫶	heart hands	<3|love|you
👐	open hands	hug|jazz|swerve
🤲	palms up together	cupped|dua|hands|pray|prayer|wish
🤝	handshake	agreement|deal|meeting
🙏	folded hands	appreciate|ask|beg|blessed|bow|cmon|five|gesture|high|please|pray|thanks|thx
✍️	writing hand	write
💅	nail polish	bored|care|cosmetics|done|makeup|manicure|whatever
🤳	selfie	camera|phone
💪	flexed biceps	arm|beast|bench|bodybuilder|bro|curls|gains|gym|jacked|muscle|press|ripped|strong|weightlift
🦾	mechanical arm	accessibility|prosthetic
🦿	mechanical leg	accessibility|prosthetic
🦵	leg	bent|foot|kick|knee|limb
🦶	foot	ankle|feet|kick|stomp
👂	ear	body|ears|hear|hearing|listen|listening|sound
🦻	ear with hearing aid	accessibility|hard
👃	nose	body|noses|nosey|odor|smell|smells
🧠	brain	intelligent|smart
🫀	anatomical heart	beat|cardiology|heartbeat|organ|pulse|real|red
🫁	lungs	breath|breathe|exhalation|inhalation|organ|respiration
🦷	tooth	dentist|pearly|teeth|white
🦴	bone	bones|dog|skeleton|wishbone
👀	eyes	body|face|googly|look|looking|omg|peep|see|seeing
👁️	eye	1|body|one
👅	tongue	body|lick|slurp
👄	mouth	beauty|body|kiss|kissing|lips|lipstick
🫦	biting lip	anxious|bite|fear|flirt|flirting|kiss|lipstick|nervous|sexy|uncomfortable|worried|worry
👶	baby	babies|children|goo|infant|newborn|pregnant|young
🧒	child	bright-eyed|grandchild|kid|young|younger
👦	boy	bright-eyed|child|grandson|kid|son|young|younger
👧	girl	bright-eyed|child|daughter|granddaughter|kid|Virgo|young|younger|zodiac
🧑	person	adult
👱	person: blond hair	blond-haired|human
👨	man	adult|bro
🧔	person: beard	bearded|whiskers
🧔‍♂️	man: beard	bearded|whiskers
🧔‍♀️	woman: beard	bearded|whiskers
👨‍🦰	man: red hair	
👨‍🦱	man: curly hair	
👨‍🦳	man: white hair	
👨‍🦲	man: bald	
👩	woman	adult|lady
👩‍🦰	woman: red hair	
🧑‍🦰	person: red hair	
👩‍🦱	woman: curly hair	
🧑‍🦱	person: curly hair	
👩‍🦳	woman: white hair	
🧑‍🦳	person: white hair	
👩‍🦲	woman: bald	
🧑‍🦲	person: bald	
👱‍♀️	woman: blond hair	blond-haired|blonde
👱‍♂️	man: blond hair	blond-haired
🧓	older person	adult|elderly|grandparent|wise
👴	old man	adult|bald|elderly|gramps|grandfather|grandpa|wise
👵	old woman	adult|elderly|grandma|grandmother|granny|lady|wise
🙍	person frowning	annoyed|disappointed|disgruntled|disturbed|frustrated|gesture|irritated|upset
🙍‍♂️	man frowning	annoyed|disappointed|disgruntled|disturbed|frustrated|gesture|irritated|upset
🙍‍♀️	woman frowning	annoyed|disappointed|disgruntled|disturbed|frustrated|gesture|irritated|upset
🙎	person pouting	disappointed|downtrodden|frown|grimace|scowl|sulk|upset|whine
🙎‍♂️	man pouting	disappointed|downtrodden|frown|grimace|scowl|sulk|upset|whine
🙎‍♀️	woman pouting	disappointed|downtrodden|frown|grimace|scowl|sulk|upset|whine
🙅	person gesturing NO	forbidden|gesture|hand|not|prohibit
🙅‍♂️	man gesturing NO	forbidden|gesture|hand|not|prohibit
🙅‍♀️	woman gesturing NO	forbidden|gesture|hand|not|prohibit
🙆	person gesturing OK	exercise|gesture|hand|omg
🙆‍♂️	man gesturing OK	exercise|gesture|hand|omg
🙆‍♀️	woman gesturing OK	exercise|gesture|hand|omg
💁	person tipping hand	fetch|flick|flip|gossip|sarcasm|sarcastic|sassy|seriously|whatever
💁‍♂️	man tipping hand	fetch|flick|flip|gossip|sarcasm|sarcastic|sassy|seriously|whatever
💁‍♀️	woman tipping hand	fetch|flick|flip|gossip|sarcasm|sarcastic|sassy|seriously|whatever
🙋	person raising hand	gesture|here|know|me|pick|question|raise
🙋‍♂️	man raising hand	gesture|here|know|me|pick|question|raise
🙋‍♀️	woman raising hand	gesture|here|know|me|pick|question|raise
🧏	deaf person	accessibility|ear|gesture|hear
🧏‍♂️	deaf man	accessibility|ear|gesture|hear
🧏‍♀️	deaf woman	accessibility|ear|gesture|hear
🙇	person bowing	apology|ask|beg|favor|forgive|gesture|meditate|meditation|pity|regret|sorry
🙇‍♂️	man bowing	apology|ask|beg|favor|forgive|gesture|meditate|meditation|pity|regret|sorry
🙇‍♀️	woman bowing	apology|ask|beg|favor|forgive|gesture|meditate|meditation|pity|regret|sorry
🤦	person facepalming	again|bewilder|disbelief|exasperation|no|not|oh|omg|shock|smh
🤦‍♂️	man facepalming	again|bewilder|disbelief|exasperation|no|not|oh|omg|shock|smh
🤦‍♀️	woman facepalming	again|bewilder|disbelief|exasperation|no|not|oh|omg|shock|smh
🤷	person shrugging	doubt|dunno|guess|idk|ignorance|indifference|knows|maybe|whatever|who
🤷‍♂️	man shrugging	doubt|dunno|guess|idk|ignorance|indifference|knows|maybe|whatever|who
🤷‍♀️	woman shrugging	doubt|dunno|guess|idk|ignorance|indifference|knows|maybe|whatever|who
🧑‍⚕️	health worker	doctor|healthcare|nurse|therapist
👨‍⚕️	man health worker	doctor|healthcare|nurse|therapist
👩‍⚕️	woman health worker	doctor|healthcare|nurse|therapist
🧑‍🎓	student	graduate
👨‍🎓	man student	graduate
👩‍🎓	woman student	graduate
🧑‍🏫	teacher	instructor|lecturer|professor
👨‍🏫	man teacher	instructor|lecturer|professor
👩‍🏫	woman teacher	instructor|lecturer|professor
🧑‍⚖️	judge	justice|law|scales
👨‍⚖️	man judge	justice|law|scales
👩‍⚖️	woman judge	justice|law|scales
🧑‍🌾	farmer	gardener|rancher
👨‍🌾	man farmer	gardener|rancher
👩‍🌾	woman farmer	gardener|rancher
🧑‍🍳	cook	chef
👨‍🍳	man cook	chef
👩‍🍳	woman cook	chef
🧑‍🔧	mechanic	electrician|plumber|tradesperson
👨‍🔧	man mechanic	electrician|plumber|tradesperson
👩‍🔧	woman mechanic	electrician|plumber|tradesperson
🧑‍🏭	factory worker	assembly|industrial
👨‍🏭	man factory worker	assembly|industrial
👩‍🏭	woman factory worker	assembly|industrial
🧑‍💼	office worker	architect|business|manager|white-collar
👨‍💼	man office worker	architect|business|manager|white-collar
👩‍💼	woman office worker	architect|business|manager|white-collar
🧑‍🔬	scientist	biologist|chemist|engineer|mathematician|physicist
👨‍🔬	man scientist	biologist|chemist|engineer|mathematician|physicist
👩‍🔬	woman scientist	biologist|chemist|engineer|mathematician|physicist
🧑‍💻	technologist	coder|computer|developer|inventor|software
👨‍💻	man technologist	coder|computer|developer|inventor|software
👩‍💻	woman technologist	coder|computer|developer|inventor|software
🧑‍🎤	singer	actor|entertainer|rock|rockstar|star
👨‍🎤	man singer	actor|entertainer|rock|rockstar|star
👩‍🎤	woman singer	actor|entertainer|rock|rockstar|star
🧑‍🎨	artist	palette
👨‍🎨	man artist	palette
👩‍🎨	woman artist	palette
🧑‍✈️	pilot	plane
👨‍✈️	man pilot	plane
👩‍✈️	woman pilot	plane
🧑‍🚀	astronaut	rocket|space
👨‍🚀	man astronaut	rocket|space
👩‍🚀	woman astronaut	rocket|space
🧑‍🚒	firefighter	firetruck
👨‍🚒	man firefighter	firetruck
👩‍🚒	woman firefighter	firetruck
👮	police officer	apprehend|arrest|citation|cop|law|over|pulled|undercover
👮‍♂️	man police officer	apprehend|arrest|citation|cop|law|over|pulled|undercover
👮‍♀️	woman police officer	apprehend|arrest|citation|cop|law|over|pulled|undercover
🕵️	detective	sleuth|spy
🕵️‍♂️	man detective	sleuth|spy
🕵️‍♀️	woman detective	sleuth|spy
💂	guard	buckingham|helmet|london|palace
💂‍♂️	man guard	buckingham|helmet|london|palace
💂‍♀️	woman guard	buckingham|helmet|london|palace
🥷	ninja	assassin|fight|fighter|hidden|person|secret|skills|sly|soldier|stealth|war
👷	construction worker	build|fix|hardhat|hat|man|person|rebuild|remodel|repair
👷‍♂️	man construction worker	build|fix|hardhat|hat|rebuild|remodel|repair
👷‍♀️	woman construction worker	build|fix|hardhat|hat|rebuild|remodel|repair
🫅	person with crown	monarch|noble|regal|royal|royalty
🤴	prince	crown|fairy|fairytale|fantasy|king|royal|royalty|tale
👸	princess	crown|fairy|fairytale|fantasy|queen|royal|royalty|tale
👳	person wearing turban	
👳‍♂️	man wearing turban	
👳‍♀️	woman wearing turban	
👲	person with skullcap	Chinese|gua|guapi|hat|mao|pi
🧕	woman with headscarf	bandana|hijab|kerchief|mantilla|tichel
🤵	person in tuxedo	formal|wedding
🤵‍♂️	man in tuxedo	formal|groom|wedding
🤵‍♀️	woman in tuxedo	formal|wedding
👰	person with veil	wedding
👰‍♂️	man with veil	wedding
👰‍♀️	woman with veil	bride|wedding
🤰	pregnant woman	
🫃	pregnant man	belly|bloated|full|overeat
🫄	pregnant person	belly|bloated|full|overeat|stuffed
🤱	breast-feeding	baby|mom|mother|nursing|woman
👩‍🍼	woman feeding baby	mom|mother|nanny|newborn|nursing
👨‍🍼	man feeding baby	dad|father|nanny|newborn|nursing
🧑‍🍼	person feeding baby	nanny|newborn|nursing|parent
👼	baby angel	church|face|fairy|fairytale|fantasy|tale
🎅	Santa Claus	celebration|Christmas|claus|fairy|fantasy|father|holiday|merry|santa|tale|xmas
🤶	Mrs. Claus	celebration|Christmas|claus|fairy|fantasy|holiday|merry|mother|santa|tale|xmas
🧑‍🎄	mx claus	celebration|Christmas|fairy|fantasy|holiday|merry|Mx|santa|tale|xmas
🦸	superhero	good|superpower
🦸‍♂️	man superhero	good|superpower
🦸‍♀️	woman superhero	good|heroine|superpower
🦹	supervillain	bad|criminal|evil|superpower
🦹‍♂️	man supervillain	bad|criminal|evil|superpower
🦹‍♀️	woman supervillain	bad|criminal|evil|superpower
🧙	mage	fantasy|magic|play|sorcerer|sorceress|sorcery|spell|summon|witch|wizard
🧙‍♂️	man mage	fantasy|magic|play|sorcerer|sorceress|sorcery|spell|summon|witch|wizard
🧙‍♀️	woman mage	fantasy|magic|play|sorcerer|sorceress|sorcery|spell|summon|witch|wizard
🧚	fairy	fairytale|fantasy|myth|person|pixie|tale|wings
🧚‍♂️	man fairy	fairytale|fantasy|myth|Oberon|person|pixie|Puck|tale|wings
🧚‍♀️	woman fairy	fairytale|fantasy|myth|person|pixie|tale|Titania|wings
🧛	vampire	blood|Dracula|fangs|halloween|scary|supernatural|teeth|undead
🧛‍♂️	man vampire	blood|fangs|halloween|scary|supernatural|teeth|undead
🧛‍♀️	woman vampire	blood|fangs|halloween|scary|supernatural|teeth|undead
🧜	merperson	creature|fairytale|folklore|ocean|sea|siren|trident
🧜‍♂️	merman	creature|fairytale|folklore|Neptune|ocean|Poseidon|sea|siren|trident|Triton
🧜‍♀️	mermaid	creature|fairytale|folklore|merwoman|ocean|sea|siren|trident
🧝	elf	elves|enchantment|fantasy|folklore|magic|magical|myth
🧝‍♂️	man elf	elves|enchantment|fantasy|folklore|magic|magical|myth
🧝‍♀️	woman elf	elves|enchantment|fantasy|folklore|magic|magical|myth
🧞	genie	djinn|fantasy|jinn|lamp|myth|rub|wishes
🧞‍♂️	man genie	djinn|fantasy|jinn|lamp|myth|rub|wishes
🧞‍♀️	woman genie	djinn|fantasy|jinn|lamp|myth|rub|wishes
🧟	zombie	apocalypse|dead|halloween|horror|scary|undead|walking
🧟‍♂️	man zombie	apocalypse|dead|halloween|horror|scary|undead|walking
🧟‍♀️	woman zombie	apocalypse|dead|halloween|horror|scary|undead|walking
🧌	troll	fairy|fantasy|monster|tale|trolling
💆	person getting massage	face|headache|relax|relaxing|salon|soothe|spa|tension|therapy|treatment
💆‍♂️	man getting massage	face|headache|relax|relaxing|salon|soothe|spa|tension|therapy|treatment
💆‍♀️	woman getting massage	face|headache|relax|relaxing|salon|soothe|spa|tension|therapy|treatment
💇	person getting haircut	barber|beauty|chop|cosmetology|groom|parlor|shears|style
💇‍♂️	man getting haircut	barber|beauty|chop|cosmetology|groom|parlor|person|shears|style
💇‍♀️	woman getting haircut	barber|beauty|chop|cosmetology|groom|parlor|person|shears|style
🚶	person walking	amble|gait|hike|man|pace|pedestrian|stride|stroll
🚶‍♂️	man walking	amble|gait|hike|pace|pedestrian|stride|stroll
🚶‍♀️	woman walking	amble|gait|hike|pace|pedestrian|stride|stroll
🚶‍➡️	person walking facing right	
🚶‍♀️‍➡️	woman walking facing right	
🚶‍♂️‍➡️	man walking facing right	
🧍	person standing	
🧍‍♂️	man standing	
🧍‍♀️	woman standing	
🧎	person kneeling	knees
🧎‍♂️	man kneeling	knees
🧎‍♀️	woman kneeling	knees
🧎‍➡️	person kneeling facing right	
🧎‍♀️‍➡️	woman kneeling facing right	
🧎‍♂️‍➡️	man kneeling facing right	
🧑‍🦯	person with white cane	accessibility|blind|probing
🧑‍🦯‍➡️	person with white cane facing right	
👨‍🦯	man with white cane	accessibility|blind|probing
👨‍🦯‍➡️	man with white cane facing right	
👩‍🦯	woman with white cane	accessibility|blind|probing
👩‍🦯‍➡️	woman with white cane facing right	
🧑‍🦼	person in motorized wheelchair	accessibility
🧑‍🦼‍➡️	person in motorized wheelchair facing right	
👨‍🦼	man in motorized wheelchair	accessibility
👨‍🦼‍➡️	man in motorized wheelchair facing right	
👩‍🦼	woman in motorized wheelchair	accessibility
👩‍🦼‍➡️	woman in motorized wheelchair facing right	
🧑‍🦽	person in manual wheelchair	accessibility
🧑‍🦽‍➡️	person in manual wheelchair facing right	
👨‍🦽	man in manual wheelchair	accessibility
👨‍🦽‍➡️	man in manual wheelchair facing right	
👩‍🦽	woman in manual wheelchair	accessibility
👩‍🦽‍➡️	woman in manual wheelchair facing right	
🏃	person running	fast|hurry|marathon|move|quick|race|racing|rush|speed
🏃‍♂️	man running	fast|hurry|marathon|move|quick|race|racing|rush|speed
🏃‍♀️	woman running	fast|hurry|marathon|move|quick|race|racing|rush|speed
🏃‍➡️	person running facing right	
🏃‍♀️‍➡️	woman running facing right	
🏃‍♂️‍➡️	man running facing right	
💃	woman dancing	dance|dancer|elegant|festive|flair|flamenco|groove|let’s|salsa|tango
🕺	man dancing	dance|dancer|elegant|festive|flair|flamenco|groove|let’s|salsa|tango
🕴️	person in suit levitating	business
👯	people with bunny ears	bestie|bff|counterpart|dancer|double|identical|pair|party|partying|soulmate|twin|twinsies
👯‍♂️	men with bunny ears	bestie|bff|counterpart|dancer|double|identical|pair|party|partying|people|soulmate|twin|twinsies
👯‍♀️	women with bunny ears	bestie|bff|counterpart|dancer|double|identical|pair|party|partying|people|soulmate|twin|twinsies
🧖	person in steamy room	day|luxurious|pamper|relax|sauna|spa|steambath|unwind
🧖‍♂️	man in steamy room	day|luxurious|pamper|relax|sauna|spa|steambath|unwind
🧖‍♀️	woman in steamy room	day|luxurious|pamper|relax|sauna|spa|steambath|unwind
🧗	person climbing	climber|mountain|rock|scale|up
🧗‍♂️	man climbing	climber|mountain|rock|scale|up
🧗‍♀️	woman climbing	climber|mountain|rock|scale|up
🤺	person fencing	fencer|sword
🏇	horse racing	jockey|racehorse|riding|sport
⛷️	skier	snow
🏂	snowboarder	ski|sport
🏌️	person golfing	ball|birdie|caddy|driving|green|pga|putt|range|tee
🏌️‍♂️	man golfing	ball|birdie|caddy|driving|green|pga|putt|range|tee
🏌️‍♀️	woman golfing	ball|birdie|caddy|driving|green|pga|putt|range|tee
🏄	person surfing	beach|ocean|sport|surfer|swell|waves
🏄‍♂️	man surfing	beach|ocean|sport|surfer|swell|waves
🏄‍♀️	woman surfing	beach|ocean|person|sport|surfer|swell|waves
🚣	person rowing boat	canoe|cruise|fishing|lake|oar|paddle|raft|river|rowboat
🚣‍♂️	man rowing boat	canoe|cruise|fishing|lake|oar|paddle|raft|river|rowboat
🚣‍♀️	woman rowing boat	canoe|cruise|fishing|lake|oar|paddle|raft|river|rowboat
🏊	person swimming	freestyle|sport|swimmer|triathlon
🏊‍♂️	man swimming	freestyle|sport|swimmer|triathlon
🏊‍♀️	woman swimming	freestyle|sport|swimmer|triathlon
⛹️	person bouncing ball	athletic|basketball|championship|dribble|net|player|throw
⛹️‍♂️	man bouncing ball	athletic|basketball|championship|dribble|net|player|throw
⛹️‍♀️	woman bouncing ball	athletic|basketball|championship|dribble|net|player|throw
🏋️	person lifting weights	barbell|bodybuilder|deadlift|lifter|powerlifting|weightlifter|workout
🏋️‍♂️	man lifting weights	barbell|bodybuilder|deadlift|lifter|powerlifting|weightlifter|workout
🏋️‍♀️	woman lifting weights	barbell|bodybuilder|deadlift|lifter|powerlifting|weightlifter|workout
🚴	person biking	bicycle|bicyclist|bike|cycle|cyclist|riding|sport
🚴‍♂️	man biking	bicycle|bicyclist|bike|cycle|cyclist|riding|sport
🚴‍♀️	woman biking	bicycle|bicyclist|bike|cycle|cyclist|riding|sport
🚵	person mountain biking	bicycle|bicyclist|bike|cycle|cyclist|riding|sport
🚵‍♂️	man mountain biking	bicycle|bicyclist|bike|cycle|cyclist|riding|sport
🚵‍♀️	woman mountain biking	bicycle|bicyclist|bike|cycle|cyclist|riding|sport
🤸	person cartwheeling	active|excited|flip|gymnastics|happy|somersault
🤸‍♂️	man cartwheeling	active|excited|flip|gymnastics|happy|somersault
🤸‍♀️	woman cartwheeling	active|excited|flip|gymnastics|happy|somersault
🤼	people wrestling	combat|duel|grapple|ring|tournament|wrestle
🤼‍♂️	men wrestling	combat|duel|grapple|ring|tournament|wrestle
🤼‍♀️	women wrestling	combat|duel|grapple|ring|tournament|wrestle
🤽	person playing water polo	sport|swimming|waterpolo
🤽‍♂️	man playing water polo	sport|swimming|waterpolo
🤽‍♀️	woman playing water polo	sport|swimming|waterpolo
🤾	person playing handball	athletics|catch|chuck|hurl|lob|pitch|sport|throw|toss
🤾‍♂️	man playing handball	athletics|catch|chuck|hurl|lob|pitch|sport|throw|toss
🤾‍♀️	woman playing handball	athletics|catch|chuck|hurl|lob|pitch|sport|throw|toss
🤹	person juggling	act|balance|balancing|handle|juggle|manage|multitask|skill
🤹‍♂️	man juggling	act|balance|balancing|handle|juggle|manage|multitask|skill
🤹‍♀️	woman juggling	act|balance|balancing|handle|juggle|manage|multitask|skill
🧘	person in lotus position	cross|legged|legs|meditation|peace|relax|serenity|yoga|yogi|zen
🧘‍♂️	man in lotus position	cross|legged|legs|meditation|peace|relax|serenity|yoga|yogi|zen
🧘‍♀️	woman in lotus position	cross|legged|legs|meditation|peace|relax|serenity|yoga|yogi|zen
🛀	person taking bath	bathtub|tub
🛌	person in bed	bedtime|good|goodnight|hotel|nap|night|sleep|tired|zzz
🧑‍🤝‍🧑	people holding hands	bae|bestie|bff|couple|dating|flirt|friends|twins
👭	women holding hands	bae|bestie|bff|couple|dating|flirt|friends|girls|sisters|twins
👫	woman and man holding hands	bae|bestie|bff|couple|dating|flirt|friends|twins
👬	men holding hands	bae|bestie|bff|boys|brothers|couple|dating|flirt|friends|twins
💏	kiss	anniversary|babe|bae|couple|date|dating|heart|love|mwah|person|romance|together|xoxo
👩‍❤️‍💋‍👨	kiss: woman, man	
👨‍❤️‍💋‍👨	kiss: man, man	
👩‍❤️‍💋‍👩	kiss: woman, woman	
💑	couple with heart	anniversary|babe|bae|dating|kiss|love|person|relationship|romance|together|you
👩‍❤️‍👨	couple with heart: woman, man	
👨‍❤️‍👨	couple with heart: man, man	
👩‍❤️‍👩	couple with heart: woman, woman	
👨‍👩‍👦	family: man, woman, boy	
👨‍👩‍👧	family: man, woman, girl	
👨‍👩‍👧‍👦	family: man, woman, girl, boy	
👨‍👩‍👦‍👦	family: man, woman, boy, boy	
👨‍👩‍👧‍👧	family: man, woman, girl, girl	
👨‍👨‍👦	family: man, man, boy	
👨‍👨‍👧	family: man, man, girl	
👨‍👨‍👧‍👦	family: man, man, girl, boy	
👨‍👨‍👦‍👦	family: man, man, boy, boy	
👨‍👨‍👧‍👧	family: man, man, girl, girl	
👩‍👩‍👦	family: woman, woman, boy	
👩‍👩‍👧	family: woman, woman, girl	
👩‍👩‍👧‍👦	family: woman, woman, girl, boy	
👩‍👩‍👦‍👦	family: woman, woman, boy, boy	
👩‍👩‍👧‍👧	family: woman, woman, girl, girl	
👨‍👦	family: man, boy	
👨‍👦‍👦	family: man, boy, boy	
👨‍👧	family: man, girl	
👨‍👧‍👦	family: man, girl, boy	
👨‍👧‍👧	family: man, girl, girl	
👩‍👦	family: woman, boy	
👩‍👦‍👦	family: woman, boy, boy	
👩‍👧	family: woman, girl	
👩‍👧‍👦	family: woman, girl, boy	
👩‍👧‍👧	family: woman, girl, girl	
🗣️	speaking head	face|silhouette
👤	bust in silhouette	mysterious|shadow
👥	busts in silhouette	bff|everyone|friend|friends|people
🫂	people hugging	comfort|embrace|farewell|friendship|goodbye|hello|love|thanks
👪	family	child
🧑‍🧑‍🧒	family: adult, adult, child	
🧑‍🧑‍🧒‍🧒	family: adult, adult, child, child	
🧑‍🧒	family: adult, child	
🧑‍🧒‍🧒	family: adult, child, child	
👣	footprints	barefoot|clothing|omw|walk
🐵	monkey face	animal|banana
🐒	monkey	animal|banana
🦍	gorilla	animal
🦧	orangutan	animal|ape|monkey
🐶	dog face	adorbs|animal|pet|puppies|puppy
🐕	dog	animal|animals|dogs|pet
🦮	guide dog	accessibility|animal|blind
🐕‍🦺	service dog	accessibility|animal|assistance
🐩	poodle	animal|dog|fluffy
🐺	wolf	animal|face
🦊	fox	animal|face
🦝	raccoon	animal|curious|sly
🐱	cat face	animal|kitten|kitty|pet
🐈	cat	animal|animals|cats|kitten|pet
🐈‍⬛	black cat	animal|feline|halloween|meow|unlucky
🦁	lion	alpha|animal|face|Leo|mane|order|rawr|roar|safari|strong|zodiac
🐯	tiger face	animal|big|cat|predator
🐅	tiger	animal|big|cat|predator|zoo
🐆	leopard	animal|big|cat|predator|zoo
🐴	horse face	animal|dressage|equine|farm|horses
🫎	moose	alces|animal|antlers|elk|mammal
🫏	donkey	animal|ass|burro|hinny|mammal|mule|stubborn
🐎	horse	animal|equestrian|farm|racehorse|racing
🦄	unicorn	face
🦓	zebra	animal|stripe
🦌	deer	animal
🦬	bison	animal|buffalo|herd|wisent
🐮	cow face	animal|farm|milk|moo
🐂	ox	animal|animals|bull|farm|Taurus|zodiac
🐃	water buffalo	animal|zoo
🐄	cow	animal|animals|farm|milk|moo
🐷	pig face	animal|bacon|farm|pork
🐖	pig	animal|bacon|farm|pork|sow
🐗	boar	animal|pig
🐽	pig nose	animal|face|farm|smell|snout
🐏	ram	animal|Aries|horns|male|sheep|zodiac|zoo
🐑	ewe	animal|baa|farm|female|fluffy|lamb|sheep|wool
🐐	goat	animal|Capricorn|farm|milk|zodiac
🐪	camel	animal|desert|dromedary|hump|one
🐫	two-hump camel	animal|bactrian|desert
🦙	llama	alpaca|animal|guanaco|vicuña|wool
🦒	giraffe	animal|spots
🐘	elephant	animal
🦣	mammoth	animal|extinction|large|tusk|wooly
🦏	rhinoceros	animal
🦛	hippopotamus	animal
🐭	mouse face	animal
🐁	mouse	animal|animals
🐀	rat	animal
🐹	hamster	animal|face|pet
🐰	rabbit face	animal|bunny|pet
🐇	rabbit	animal|bunny|pet
🐿️	chipmunk	animal|squirrel
🦫	beaver	animal|dam|teeth
🦔	hedgehog	animal|spiny
🦇	bat	animal|vampire
🐻	bear	animal|face|grizzly|growl|honey
🐻‍❄️	polar bear	animal|arctic|white
🐨	koala	animal|australia|bear|down|face|marsupial|under
🐼	panda	animal|bamboo|face
🦥	sloth	lazy|slow
🦦	otter	animal|fishing|playful
🦨	skunk	animal|stink
🦘	kangaroo	animal|joey|jump|marsupial
🦡	badger	animal|honey|pester
🐾	paw prints	feet|paws
🦃	turkey	bird|gobble|thanksgiving
🐔	chicken	animal|bird|ornithology
🐓	rooster	animal|bird|ornithology
🐣	hatching chick	animal|baby|bird|egg
🐤	baby chick	animal|bird|ornithology
🐥	front-facing baby chick	animal|bird|newborn|ornithology
🐦	bird	animal|ornithology
🐧	penguin	animal|antarctica|bird|ornithology
🕊️	dove	bird|fly|ornithology|peace
🦅	eagle	animal|bird|ornithology
🦆	duck	animal|bird|ornithology
🦢	swan	animal|bird|cygnet|duckling|ornithology|ugly
🦉	owl	animal|bird|ornithology|wise
🦤	dodo	animal|bird|extinction|large|ornithology
🪶	feather	bird|flight|light|plumage
🦩	flamingo	animal|bird|flamboyant|ornithology|tropical
🦚	peacock	animal|bird|colorful|ornithology|ostentatious|peahen|pretty|proud
🦜	parrot	animal|bird|ornithology|pirate|talk
🪽	wing	angelic|ascend|aviation|bird|fly|flying|heavenly|mythology|soar
🐦‍⬛	black bird	animal|beak|caw|corvid|crow|ornithology|raven|rook
🪿	goose	animal|bird|duck|flock|fowl|gaggle|gander|geese|honk|ornithology|silly
🐦‍🔥	phoenix	ascend|ascension|emerge|fantasy|firebird|glory|immortal|rebirth|reincarnation|reinvent|renewal|revival|revive|rise|transform
🐸	frog	animal|face
🐊	crocodile	animal|zoo
🐢	turtle	animal|terrapin|tortoise
🦎	lizard	animal|reptile
🐍	snake	animal|bearer|Ophiuchus|serpent|zodiac
🐲	dragon face	animal|fairy|fairytale|tale
🐉	dragon	animal|fairy|fairytale|knights|tale
🦕	sauropod	brachiosaurus|brontosaurus|dinosaur|diplodocus
🦖	T-Rex	dinosaur|Tyrannosaurus
🐳	spouting whale	animal|beach|face|ocean
🐋	whale	animal|beach|ocean
🐬	dolphin	animal|beach|flipper|ocean
🦭	seal	animal|lion|ocean
🐟	fish	animal|dinner|fishes|fishing|Pisces|zodiac
🐠	tropical fish	animal|fishes
🐡	blowfish	animal
🦈	shark	animal|fish
🐙	octopus	animal|creature|ocean
🐚	spiral shell	animal|beach|conch|sea
🪸	coral	change|climate|ocean|reef|sea
🪼	jellyfish	animal|aquarium|burn|invertebrate|life|marine|ocean|ouch|plankton|sea|sting|stinger|tentacles
🐌	snail	animal|escargot|garden|nature|slug
🦋	butterfly	insect|pretty
🐛	bug	animal|garden|insect
🐜	ant	animal|garden|insect
🐝	honeybee	animal|bumblebee|insect|nature|spring
🪲	beetle	animal|bug|insect
🐞	lady beetle	animal|garden|insect|ladybird|ladybug|nature
🦗	cricket	animal|bug|grasshopper|insect|Orthoptera
🪳	cockroach	animal|insect|pest
🕷️	spider	animal|insect
🕸️	spider web	
🦂	scorpion	Scorpio|Scorpius|zodiac
🦟	mosquito	bite|disease|fever|insect|malaria|pest|virus
🪰	fly	animal|disease|insect|maggot|pest|rotting
🪱	worm	animal|annelid|earthworm|parasite
🦠	microbe	amoeba|bacteria|science|virus
💐	bouquet	anniversary|birthday|date|flower|love|plant|romance
🌸	cherry blossom	flower|plant|spring|springtime
💮	white flower	
🪷	lotus	beauty|Buddhism|calm|flower|Hinduism|peace|purity|serenity
🏵️	rosette	plant
🌹	rose	beauty|elegant|flower|love|plant|red|valentine
🥀	wilted flower	dying
🌺	hibiscus	flower|plant
🌻	sunflower	outdoors|plant
🌼	blossom	buttercup|dandelion|flower|plant
🌷	tulip	blossom|flower|growth|plant
🪻	hyacinth	bloom|bluebonnet|flower|indigo|lavender|lilac|lupine|plant|purple|shrub|snapdragon|spring|violet
🌱	seedling	plant|sapling|sprout|young
🪴	potted plant	decor|grow|house|nurturing
🌲	evergreen tree	christmas|forest|pine
🌳	deciduous tree	forest|green|habitat|shedding
🌴	palm tree	beach|plant|tropical
🌵	cactus	desert|drought|nature|plant
🌾	sheaf of rice	ear|grain|grains|plant
🌿	herb	leaf|plant
☘️	shamrock	irish|plant
🍀	four leaf clover	4|four-leaf|irish|lucky|plant
🍁	maple leaf	falling
🍂	fallen leaf	autumn|falling
🍃	leaf fluttering in wind	blow
🪹	empty nest	branch|home|nesting
🪺	nest with eggs	bird|branch|nesting
🍄	mushroom	fungus|toadstool
🍇	grapes	Dionysus|fruit
🍈	melon	cantaloupe|fruit
🍉	watermelon	fruit
🍊	tangerine	c|citrus|fruit|nectarine|orange|vitamin
🍋	lemon	citrus|fruit|sour
🍋‍🟩	lime	acidity|citrus|cocktail|fruit|garnish|key|margarita|mojito|refreshing|salsa|sour|tangy|tequila|tropical|zest
🍌	banana	fruit|potassium
🍍	pineapple	colada|fruit|pina|tropical
🥭	mango	food|fruit|tropical
🍎	red apple	diet|food|fruit|health|ripe
🍏	green apple	fruit
🍐	pear	fruit
🍑	peach	fruit
🍒	cherries	berries|cherry|fruit|red
🍓	strawberry	fruit
🫐	blueberries	berry|bilberry|blueberry|food|fruit
🥝	kiwi fruit	food
🍅	tomato	food|fruit|vegetable
🫒	olive	food
🥥	coconut	colada|palm|piña
🥑	avocado	food|fruit
🍆	eggplant	aubergine|vegetable
🥔	potato	food|vegetable
🥕	carrot	food|vegetable
🌽	ear of corn	crops|farm|maize|maze
🌶️	hot pepper	
🫑	bell pepper	capsicum|food|vegetable
🥒	cucumber	food|pickle|vegetable
🥬	leafy green	bok|burgers|cabbage|choy|kale|lettuce|salad
🥦	broccoli	cabbage|wild
🧄	garlic	flavoring
🧅	onion	flavoring
🥜	peanuts	food|vegetable
🫘	beans	food|kidney|legume|small
🌰	chestnut	almond|plant
🫚	ginger root	beer|health|herb|natural|spice
🫛	pea pod	beans|beanstalk|edamame|legume|soybean|vegetable|veggie
🍄‍🟫	brown mushroom	food|fungi|fungus|nature|pizza|portobello|shiitake|spore|sprout|toppings|truffle|vegetable|vegetarian|veggie
🍞	bread	carbs|food|grain|loaf|restaurant|toast|wheat
🥐	croissant	bread|breakfast|crescent|food|french|roll
🥖	baguette bread	food|french
🫓	flatbread	arepa|food|gordita|lavash|naan|pita
🥨	pretzel	convoluted|twisted
🥯	bagel	bakery|bread|breakfast|schmear
🥞	pancakes	breakfast|crêpe|food|hotcake
🧇	waffle	breakfast|indecisive|iron
🧀	cheese wedge	
🍖	meat on bone	
🍗	poultry leg	bone|chicken|drumstick|hungry|turkey
🥩	cut of meat	chop|lambchop|porkchop|red|steak
🥓	bacon	breakfast|food|meat
🍔	hamburger	eat|fast|food|hungry
🍟	french fries	fast|food
🍕	pizza	cheese|food|hungry|pepperoni|slice
🌭	hot dog	frankfurter|hotdog|sausage
🥪	sandwich	bread
🌮	taco	mexican
🌯	burrito	mexican|wrap
🫔	tamale	food|mexican|pamonha|wrapped
🥙	stuffed flatbread	falafel|food|gyro|kebab
🧆	falafel	chickpea|meatball
🥚	egg	breakfast|food
🍳	cooking	breakfast|easy|egg|fry|frying|over|pan|restaurant|side|sunny|up
🥘	shallow pan of food	casserole|paella
🍲	pot of food	soup|stew
🫕	fondue	cheese|chocolate|food|melted|pot|ski
🥣	bowl with spoon	breakfast|cereal|congee|oatmeal|porridge
🥗	green salad	food
🍿	popcorn	movie
🧈	butter	dairy
🧂	salt	condiment|flavor|mad|salty|shaker|taste|upset
🥫	canned food	
🍱	bento box	food
🍘	rice cracker	food
🍙	rice ball	food|Japanese
🍚	cooked rice	food
🍛	curry rice	food
🍜	steaming bowl	chopsticks|food|noodle|pho|ramen|soup
🍝	spaghetti	food|meatballs|pasta|restaurant
🍠	roasted sweet potato	food
🍢	oden	food|kebab|restaurant|seafood|skewer|stick
🍣	sushi	food
🍤	fried shrimp	prawn|tempura
🍥	fish cake with swirl	food|pastry|restaurant
🥮	moon cake	autumn|festival|yuèbǐng
🍡	dango	dessert|Japanese|skewer|stick|sweet
🥟	dumpling	empanada|gyōza|jiaozi|pierogi|potsticker
🥠	fortune cookie	prophecy
🥡	takeout box	chopsticks|delivery|food|oyster|pail
🦀	crab	Cancer|zodiac
🦞	lobster	animal|bisque|claws|seafood
🦐	shrimp	food|shellfish|small
🦑	squid	animal|food|mollusk
🦪	oyster	diving|pearl
🍦	soft ice cream	dessert|food|icecream|restaurant|serve|sweet
🍧	shaved ice	dessert|restaurant|sweet
🍨	ice cream	dessert|food|restaurant|sweet
🍩	doughnut	breakfast|dessert|donut|food|sweet
🍪	cookie	chip|chocolate|dessert|sweet
🎂	birthday cake	bday|celebration|dessert|happy|pastry|sweet
🍰	shortcake	dessert|pastry|slice|sweet
🧁	cupcake	bakery|dessert|sprinkles|sugar|sweet|treat
🥧	pie	apple|filling|fruit|meat|pastry|pumpkin|slice
🍫	chocolate bar	candy|dessert|halloween|sweet|tooth
🍬	candy	cavities|dessert|halloween|restaurant|sweet|tooth|wrapper
🍭	lollipop	candy|dessert|food|restaurant|sweet
🍮	custard	dessert|pudding|sweet
🍯	honey pot	barrel|bear|food|honeypot|jar|sweet
🍼	baby bottle	babies|birth|born|drink|infant|milk|newborn
🥛	glass of milk	drink
☕	hot beverage	cafe|caffeine|chai|coffee|drink|morning|steaming|tea
🫖	teapot	brew|drink|food
🍵	teacup without handle	beverage|drink|oolong
🍶	sake	bar|beverage|bottle|cup|drink|restaurant
🍾	bottle with popping cork	bar|drink
🍷	wine glass	alcohol|bar|beverage|booze|club|drink|drinking|drinks|restaurant
🍸	cocktail glass	alcohol|bar|booze|club|drink|drinking|drinks|mad|martini|men
🍹	tropical drink	alcohol|bar|booze|club|cocktail|drinking|drinks|drunk|mai|party|tai|tropics
🍺	beer mug	alcohol|ale|bar|booze|drink|drinking|drinks|octoberfest|oktoberfest|pint|stein|summer
🍻	clinking beer mugs	alcohol|bar|booze|bottoms|cheers|drinking|drinks
🥂	clinking glasses	celebrate|drink
🥃	tumbler glass	liquor|scotch|shot|whiskey|whisky
🫗	pouring liquid	accident|drink|empty|glass|oops|spill|water
🥤	cup with straw	drink|juice|malt|soda|soft|water
🧋	bubble tea	boba|food|milk|pearl
🧃	beverage box	juice|straw|sweet
🧉	mate	drink
🧊	ice	cold|cube|iceberg
🥢	chopsticks	hashi|jeotgarak|kuaizi
🍽️	fork and knife with plate	cooking|dinner|eat
🍴	fork and knife	breakfast|breaky|cooking|cutlery|delicious|dinner|eat|feed|food|hungry|lunch|restaurant|yum|yummy
🥄	spoon	eat|tableware
🔪	kitchen knife	chef|cooking|hocho|tool|weapon
🫙	jar	condiment|container|empty|nothing|sauce|store
🏺	amphora	Aquarius|cooking|drink|jug|tool|weapon|zodiac
🌍	globe showing Europe-Africa	earth|world
🌎	globe showing Americas	earth|world
🌏	globe showing Asia-Australia	earth|world
🌐	globe with meridians	earth|internet|web|world|worldwide
🗺️	world map	
🗾	map of Japan	
🧭	compass	direction|magnetic|navigation|orienteering
🏔️	snow-capped mountain	cold
⛰️	mountain	
🌋	volcano	eruption|mountain|nature
🗻	mount fuji	mountain|nature
🏕️	camping	
🏖️	beach with umbrella	
🏜️	desert	
🏝️	desert island	
🏞️	national park	
🏟️	stadium	
🏛️	classical building	
🏗️	building construction	crane
🧱	brick	bricks|clay|mortar|wall
🪨	rock	boulder|heavy|solid|stone|tough
🪵	wood	log|lumber|timber
🛖	hut	home|house|roundhouse|shelter|yurt
🏘️	houses	
🏚️	derelict house	home
🏠	house	building|country|heart|home|ranch|settle|simple|suburban|suburbia|where
🏡	house with garden	building|country|heart|home|ranch|settle|simple|suburban|suburbia|where
🏢	office building	city|cubical|job
🏣	Japanese post office	building
🏤	post office	building|European
🏥	hospital	building|doctor|medicine
🏦	bank	building
🏨	hotel	building
🏩	love hotel	building
🏪	convenience store	24|building|hours
🏫	school	building
🏬	department store	building
🏭	factory	building
🏯	Japanese castle	building
🏰	castle	building|European
💒	wedding	chapel|hitched|nuptials|romance
🗼	Tokyo tower	
🗽	Statue of Liberty	liberty|new|ny|nyc|statue|york
⛪	church	bless|chapel|Christian|cross|religion
🕌	mosque	islam|masjid|Muslim|religion
🛕	hindu temple	
🕍	synagogue	Jew|Jewish|judaism|religion|temple
⛩️	shinto shrine	religion
🕋	kaaba	hajj|islam|Muslim|religion|umrah
⛲	fountain	
⛺	tent	camping
🌁	foggy	
🌃	night with stars	
🏙️	cityscape	
🌄	sunrise over mountains	morning
🌅	sunrise	morning|nature
🌆	cityscape at dusk	building|evening|landscape|sun|sunset
🌇	sunset	building|dusk
🌉	bridge at night	
♨️	hot springs	hotsprings|steaming
🎠	carousel horse	entertainment
🛝	playground slide	amusement|park|playing|sliding|theme
🎡	ferris wheel	amusement|park|theme
🎢	roller coaster	amusement|park|theme
💈	barber pole	cut|fresh|haircut|shave
🎪	circus tent	
🚂	locomotive	caboose|engine|railway|steam|train|trains|travel
🚃	railway car	electric|train|tram|travel|trolleybus
🚄	high-speed train	railway|shinkansen
🚅	bullet train	high-speed|nose|railway|shinkansen|speed|travel
🚆	train	arrived|choo|railway
🚇	metro	subway|travel
🚈	light rail	arrived|monorail|railway
🚉	station	railway|train
🚊	tram	trolleybus
🚝	monorail	vehicle
🚞	mountain railway	car|trip
🚋	tram car	bus|trolley|trolleybus
🚌	bus	school|vehicle
🚍	oncoming bus	cars
🚎	trolleybus	tram
🚐	minibus	drive|van|vehicle
🚑	ambulance	emergency|vehicle
🚒	fire engine	truck
🚓	police car	5–0|cops|patrol
🚔	oncoming police car	
🚕	taxi	cab|cabbie|car|drive|vehicle|yellow
🚖	oncoming taxi	cab|cabbie|cars|drove|hail|yellow
🚗	automobile	car|driving|vehicle
🚘	oncoming automobile	car|cars|drove|vehicle
🚙	sport utility vehicle	car|drive|recreational|sportutility
🛻	pickup truck	automobile|car|flatbed|pick-up|transportation
🚚	delivery truck	car|drive|vehicle
🚛	articulated lorry	car|drive|move|semi|truck|vehicle
🚜	tractor	vehicle
🏎️	racing car	zoom
🏍️	motorcycle	racing
🛵	motor scooter	
🦽	manual wheelchair	accessibility
🦼	motorized wheelchair	accessibility
🛺	auto rickshaw	tuk
🚲	bicycle	bike|class|cycling|cyclist|gang|ride|spin|spinning
🛴	kick scooter	
🛹	skateboard	skater|wheels
🛼	roller skate	blades|skates|sport
🚏	bus stop	busstop
🛣️	motorway	highway|road
🛤️	railway track	train
🛢️	oil drum	
⛽	fuel pump	diesel|fuelpump|gas|gasoline|station
🛞	wheel	car|circle|tire|turn|vehicle
🚨	police car light	alarm|alert|beacon|emergency|revolving|siren
🚥	horizontal traffic light	intersection|signal|stop|stoplight
🚦	vertical traffic light	drove|intersection|signal|stop|stoplight
🛑	stop sign	octagonal
🚧	construction	barrier
⚓	anchor	ship|tool
🛟	ring buoy	float|life|lifesaver|preserver|rescue|safety|save|saver|swim
⛵	sailboat	resort|sailing|sea|yacht
🛶	canoe	boat
🚤	speedboat	billionaire|lake|luxury|millionaire|summer|travel
🛳️	passenger ship	
⛴️	ferry	boat|passenger
🛥️	motor boat	motorboat
🚢	ship	boat|passenger|travel
✈️	airplane	aeroplane|fly|flying|jet|travel
🛩️	small airplane	aeroplane
🛫	airplane departure	aeroplane|check-in|departures
🛬	airplane arrival	aeroplane|arrivals|arriving|landing
🪂	parachute	hang-glide|parasail|skydive
💺	seat	chair
🚁	helicopter	roflcopter|travel|vehicle
🚟	suspension railway	
🚠	mountain cableway	gondola|lift|ski
🚡	aerial tramway	cable|car|gondola|ropeway
🛰️	satellite	space
🚀	rocket	launch|rockets|space|travel
🛸	flying saucer	aliens|extra|terrestrial|UFO
🛎️	bellhop bell	hotel
🧳	luggage	bag|packing|roller|suitcase|travel
⌛	hourglass done	sand|time|timer
⏳	hourglass not done	flowing|hours|sand|timer|waiting|yolo
⌚	watch	clock|time
⏰	alarm clock	hours|hrs|late|time|waiting
⏱️	stopwatch	clock|time
⏲️	timer clock	
🕰️	mantelpiece clock	time
🕛	twelve o’clock	12|12:00|time
🕧	twelve-thirty	12|12:30|30|clock|time
🕐	one o’clock	1|1:00|time
🕜	one-thirty	1|1:30|30|clock|time
🕑	two o’clock	2|2:00|time
🕝	two-thirty	2|2:30|30|clock|time
🕒	three o’clock	3|3:00|time
🕞	three-thirty	3|3:30|30|clock|time
🕓	four o’clock	4|4:00|time
🕟	four-thirty	30|4|4:30|clock|time
🕔	five o’clock	5|5:00|time
🕠	five-thirty	30|5|5:30|clock|time
🕕	six o’clock	6|6:00|time
🕡	six-thirty	30|6|6:30|clock
🕖	seven o’clock	0|7|7:00
🕢	seven-thirty	30|7|7:30|clock
🕗	eight o’clock	8|8:00|time
🕣	eight-thirty	30|8|8:30|clock|time
🕘	nine o’clock	9|9:00|time
🕤	nine-thirty	30|9|9:30|clock|time
🕙	ten o’clock	0|10|10:00
🕥	ten-thirty	10|10:30|30|clock|time
🕚	eleven o’clock	11|11:00|time
🕦	eleven-thirty	11|11:30|30|clock|time
🌑	new moon	dark|space
🌒	waxing crescent moon	dreams|space
🌓	first quarter moon	space
🌔	waxing gibbous moon	space
🌕	full moon	space
🌖	waning gibbous moon	space
🌗	last quarter moon	space
🌘	waning crescent moon	space
🌙	crescent moon	ramadan|space
🌚	new moon face	space
🌛	first quarter moon face	space
🌜	last quarter moon face	dreams
🌡️	thermometer	weather
☀️	sun	bright|rays|space|sunny|weather
🌝	full moon face	bright
🌞	sun with face	beach|bright|day|heat|shine|sunny|sunshine|weather
🪐	ringed planet	saturn|saturnine
⭐	star	astronomy|medium|stars|white
🌟	glowing star	glittery|night|shining|sparkle
🌠	shooting star	falling|night|space
🌌	milky way	space
☁️	cloud	weather
⛅	sun behind cloud	cloudy|weather
⛈️	cloud with lightning and rain	thunder|thunderstorm
🌤️	sun behind small cloud	weather
🌥️	sun behind large cloud	weather
🌦️	sun behind rain cloud	weather
🌧️	cloud with rain	weather
🌨️	cloud with snow	cold|weather
🌩️	cloud with lightning	weather
🌪️	tornado	cloud|weather|whirlwind
🌫️	fog	cloud|weather
🌬️	wind face	blow|cloud
🌀	cyclone	dizzy|hurricane|twister|typhoon|weather
🌈	rainbow	gay|genderqueer|glbt|glbtq|lesbian|lgbt|lgbtq|lgbtqia|nature|pride|queer|trans|transgender|weather
🌂	closed umbrella	clothing|rain
☂️	umbrella	clothing|rain
☔	umbrella with rain drops	clothing|weather
⛱️	umbrella on ground	rain|sun
⚡	high voltage	danger|electric|electricity|lightning|nature|thunder|thunderbolt|zap
❄️	snowflake	cold|weather
☃️	snowman	cold
⛄	snowman without snow	cold
☄️	comet	space
🔥	fire	af|burn|flame|hot|lit|litaf|tool
💧	droplet	cold|comic|nature|sad|sweat|tear|water|weather
🌊	water wave	nature|ocean|surf|surfer|surfing
🎃	jack-o-lantern	celebration|halloween|pumpkin
🎄	Christmas tree	celebration
🎆	fireworks	boom|celebration|entertainment|yolo
🎇	sparkler	boom|celebration|fireworks
🧨	firecracker	dynamite|explosive|fireworks|light|pop|popping|spark
✨	sparkles	*|magic|star
🎈	balloon	birthday|celebrate|celebration
🎉	party popper	awesome|birthday|celebrate|celebration|excited|hooray|tada|woohoo
🎊	confetti ball	celebrate|celebration|party|woohoo
🎋	tanabata tree	banner|celebration|Japanese
🎍	pine decoration	bamboo|celebration|Japanese|plant
🎎	Japanese dolls	celebration|festival
🎏	carp streamer	celebration
🎐	wind chime	bell|celebration
🎑	moon viewing ceremony	celebration
🧧	red envelope	gift|good|hóngbāo|lai|luck|money|see
🎀	ribbon	celebration
🎁	wrapped gift	birthday|bow|box|celebration|christmas|present|surprise
🎗️	reminder ribbon	celebration
🎟️	admission tickets	
🎫	ticket	admission|stub
🎖️	military medal	award|celebration
🏆	trophy	champion|champs|prize|slay|sport|victory|win|winning
🏅	sports medal	award|gold|winner
🥇	1st place medal	first|gold
🥈	2nd place medal	second|silver
🥉	3rd place medal	bronze|third
⚽	soccer ball	football|futbol|sport
⚾	baseball	sport
🥎	softball	glove|sports|underarm
🏀	basketball	hoop|sport
🏐	volleyball	game
🏈	american football	bowl|sport|super
🏉	rugby football	sport
🎾	tennis	ball|racquet|sport
🥏	flying disc	ultimate
🎳	bowling	ball|game|sport|strike
🏏	cricket game	ball|bat
🏑	field hockey	ball|game|stick
🏒	ice hockey	game|puck|stick
🥍	lacrosse	ball|goal|sports|stick
🏓	ping pong	ball|bat|game|paddle|pingpong|table|tennis
🏸	badminton	birdie|game|racquet|shuttlecock
🥊	boxing glove	
🥋	martial arts uniform	judo|karate|taekwondo
🥅	goal net	
⛳	flag in hole	golf|sport
⛸️	ice skate	skating
🎣	fishing pole	entertainment|sport
🤿	diving mask	scuba|snorkeling
🎽	running shirt	athletics|sash
🎿	skis	snow|sport
🛷	sled	luge|sledge|sleigh|snow|toboggan
🥌	curling stone	game|rock
🎯	bullseye	dart|direct|entertainment|game|hit|target
🪀	yo-yo	fluctuate|toy
🪁	kite	fly|soar
🔫	water pistol	gun|handgun|revolver|tool|weapon
🎱	pool 8 ball	8ball|billiard|eight|game
🔮	crystal ball	fairy|fairytale|fantasy|fortune|future|magic|tale|tool
🪄	magic wand	magician|witch|wizard
🎮	video game	controller|entertainment
🕹️	joystick	game|video|videogame
🎰	slot machine	casino|gamble|gambling|game|slots
🎲	game die	dice|entertainment
🧩	puzzle piece	clue|interlocking|jigsaw
🧸	teddy bear	plaything|plush|stuffed|toy
🪅	piñata	candy|celebrate|celebration|cinco|de|festive|mayo|party|pinada|pinata
🪩	mirror ball	dance|disco|glitter|party
🪆	nesting dolls	babooshka|baboushka|babushka|matryoshka|russia
♠️	spade suit	card|game
♥️	heart suit	card|emotion|game|hearts
♦️	diamond suit	card|game
♣️	club suit	card|clubs|game
♟️	chess pawn	dupe|expendable
🃏	joker	card|game|wildcard
🀄	mahjong red dragon	game
🎴	flower playing cards	game|Japanese
🎭	performing arts	actor|actress|entertainment|mask|theater|theatre|thespian
🖼️	framed picture	art|museum|painting
🎨	artist palette	artsy|arty|colorful|creative|entertainment|museum|painter|painting
🧵	thread	needle|sewing|spool|string
🪡	sewing needle	embroidery|stitches|sutures|tailoring|thread
🧶	yarn	ball|crochet|knit
🪢	knot	cord|rope|tangled|tie|twine|twist
👓	glasses	clothing|eye|eyeglasses|eyewear
🕶️	sunglasses	dark|eye|eyewear
🥽	goggles	dive|eye|protection|scuba|swimming|welding
🥼	lab coat	clothes|doctor|dr|experiment|jacket|scientist|white
🦺	safety vest	emergency
👔	necktie	clothing|employed|serious|shirt
👕	t-shirt	blue|casual|clothes|clothing|collar|dressed|shopping|tshirt|weekend
👖	jeans	blue|casual|clothes|clothing|denim|dressed|pants|shopping|trousers|weekend
🧣	scarf	bundle|cold|neck|up
🧤	gloves	hand
🧥	coat	brr|bundle|cold|jacket|up
🧦	socks	stocking
👗	dress	clothes|clothing|dressed|fancy|shopping
👘	kimono	clothing|comfortable
🥻	sari	clothing|dress
🩱	one-piece swimsuit	bathing
🩲	briefs	bathing|one-piece|suit|swimsuit|underwear
🩳	shorts	bathing|pants|suit|swimsuit|underwear
👙	bikini	bathing|beach|clothing|pool|suit|swim
👚	woman’s clothes	blouse|clothing|collar|dress|dressed|lady|shirt|shopping
🪭	folding hand fan	clack|clap|cool|cooling|dance|flirt|flutter|hot|shy
👛	purse	clothes|clothing|coin|dress|fancy|handbag|shopping
👜	handbag	clothes|clothing|dress|lady|purse|shopping
👝	clutch bag	clothes|clothing|dress|handbag|pouch|purse
🛍️	shopping bags	hotel
🎒	backpack	backpacking|bag|bookbag|education|rucksack|satchel|school
🩴	thong sandal	beach|flip|flop|sandals|shoe|thongs|zōri
👞	man’s shoe	brown|clothes|clothing|feet|foot|kick|shoes|shopping
👟	running shoe	athletic|clothes|clothing|fast|kick|shoes|shopping|sneaker|tennis
🥾	hiking boot	backpacking|brown|camping|outdoors|shoe
🥿	flat shoe	ballet|comfy|flats|slip-on|slipper
👠	high-heeled shoe	clothes|clothing|dress|fashion|heels|shoes|shopping|stiletto|woman
👡	woman’s sandal	clothing|shoe
🩰	ballet shoes	dance
👢	woman’s boot	clothes|clothing|dress|shoe|shoes|shopping
🪮	hair pick	Afro|comb|groom
👑	crown	clothing|family|king|medieval|queen|royal|royalty|win
👒	woman’s hat	clothes|clothing|garden|hats|party
🎩	top hat	clothes|clothing|fancy|formal|magic|tophat
🎓	graduation cap	celebration|clothing|education|hat|scholar
🧢	billed cap	baseball|bent|dad|hat
🪖	military helmet	army|soldier|war|warrior
⛑️	rescue worker’s helmet	aid|cross|face|hat
📿	prayer beads	clothing|necklace|religion
💄	lipstick	cosmetics|date|makeup
💍	ring	diamond|engaged|engagement|married|romance|shiny|sparkling|wedding
💎	gem stone	diamond|engagement|jewel|money|romance|wedding
🔇	muted speaker	quiet|silent|sound
🔈	speaker low volume	soft|sound
🔉	speaker medium volume	sound
🔊	speaker high volume	loud|music|sound
📢	loudspeaker	address|communication|public|sound
📣	megaphone	cheering|sound
📯	postal horn	
🔔	bell	break|church|sound
🔕	bell with slash	forbidden|mute|no|not|prohibited|quiet|silent|sound
🎼	musical score	note
🎵	musical note	sound
🎶	musical notes	sound
🎙️	studio microphone	music
🎚️	level slider	music
🎛️	control knobs	music
🎤	microphone	karaoke|music|sing|sound
🎧	headphone	earbud|sound
📻	radio	entertainment|tbt|video
🎷	saxophone	instrument|music
🪗	accordion	box|concertina|instrument|music|squeeze|squeezebox
🎸	guitar	instrument|music|strat
🎹	musical keyboard	instrument|piano
🎺	trumpet	instrument|music
🎻	violin	instrument|music
🪕	banjo	music|stringed
🥁	drum	drumsticks|music
🪘	long drum	beat|conga|instrument|rhythm
🪇	maracas	cha|dance|instrument|music|party|percussion|rattle|shake|shaker
🪈	flute	band|fife|flautist|instrument|marching|music|orchestra|piccolo|pipe|recorder|woodwind
📱	mobile phone	cell|communication|telephone
📲	mobile phone with arrow	build|call|cell|communication|receive|telephone
☎️	telephone	
📞	telephone receiver	communication|voip
📟	pager	communication
📠	fax machine	communication
🔋	battery	
🪫	low battery	drained|electronic|energy|power
🔌	electric plug	electricity
💻	laptop	computer|office|pc|personal
🖥️	desktop computer	monitor
🖨️	printer	computer
⌨️	keyboard	computer
🖱️	computer mouse	
🖲️	trackball	computer
💽	computer disk	minidisk|optical
💾	floppy disk	computer
💿	optical disk	blu-ray|CD|computer|dvd
📀	dvd	Blu-ray|cd|computer|disk|DVD|optical
🧮	abacus	calculation|calculator
🎥	movie camera	bollywood|cinema|film|hollywood|record
🎞️	film frames	cinema|movie
📽️	film projector	cinema|movie|video
🎬	clapper board	action|movie
📺	television	tv|video
📷	camera	photo|selfie|snap|tbt|trip|video
📸	camera with flash	video
📹	video camera	camcorder|tbt
📼	videocassette	old|school|tape|vcr|vhs
🔍	magnifying glass tilted left	lab|left-pointing|science|search|tool
🔎	magnifying glass tilted right	contact|lab|right-pointing|science|search|tool
🕯️	candle	light
💡	light bulb	comic|electric|idea
🔦	flashlight	electric|tool|torch
🏮	red paper lantern	bar|light|restaurant
🪔	diya lamp	light|oil
📔	notebook with decorative cover	decorated|education|school|writing
📕	closed book	education
📖	open book	education|fantasy|knowledge|library|novels|reading
📗	green book	education|fantasy|library|reading
📘	blue book	education|fantasy|library|reading
📙	orange book	education|fantasy|library|reading
📚	books	education|fantasy|knowledge|library|novels|reading|school|study
📓	notebook	
📒	ledger	notebook
📃	page with curl	document|paper
📜	scroll	paper
📄	page facing up	document|paper
📰	newspaper	communication
🗞️	rolled-up newspaper	
📑	bookmark tabs	marker
🔖	bookmark	
🏷️	label	tag
💰	money bag	bank|bet|billion|cash|cost|dollar|gold|million|moneybag|paid|paying|pot|rich|win
🪙	coin	dollar|euro|gold|metal|money|rich|silver|treasure
💴	yen banknote	bill|currency|money
💵	dollar banknote	bill|currency|money
💶	euro banknote	100|bill|currency|money|rich
💷	pound banknote	bill|billion|cash|currency|money|pounds
💸	money with wings	bank|banknote|bill|billion|cash|dollar|fly|million|note|pay
💳	credit card	bank|cash|charge|money|pay
🧾	receipt	accounting|bookkeeping|evidence|invoice|proof
💹	chart increasing with yen	bank|currency|graph|growth|market|money|rise|trend|upward
✉️	envelope	e-mail|email|letter
📧	e-mail	email|letter
📨	incoming envelope	delivering|e-mail|email|letter|mail|receive|sent
📩	envelope with arrow	communication|down|e-mail|email|letter|mail|outgoing|send|sent
📤	outbox tray	email|letter|mail|sent
📥	inbox tray	email|letter|mail|receive|zero
📦	package	box|communication|delivery|parcel|shipping
📫	closed mailbox with raised flag	communication|postbox
📪	closed mailbox with lowered flag	postbox
📬	open mailbox with raised flag	postbox
📭	open mailbox with lowered flag	postbox
📮	postbox	mail|mailbox
🗳️	ballot box with ballot	
✏️	pencil	
✒️	black nib	pen
🖋️	fountain pen	
🖊️	pen	ballpoint
🖌️	paintbrush	painting
🖍️	crayon	
📝	memo	communication|media|notes|pencil
💼	briefcase	office
📁	file folder	
📂	open file folder	
🗂️	card index dividers	
📅	calendar	date
📆	tear-off calendar	
🗒️	spiral notepad	
🗓️	spiral calendar	pad
📇	card index	old|rolodex|school
📈	chart increasing	data|graph|growth|right|trend|up|upward
📉	chart decreasing	data|down|downward|graph|negative|trend
📊	bar chart	data|graph
📋	clipboard	do|list|notes
📌	pushpin	collage
📍	round pushpin	location|map
📎	paperclip	
🖇️	linked paperclips	
📏	straight ruler	angle|edge|math|straightedge
📐	triangular ruler	angle|math|set|slide|triangle
✂️	scissors	cut|cutting|paper|tool
🗃️	card file box	
🗄️	file cabinet	filing|paper
🗑️	wastebasket	can|garbage|trash
🔒	locked	closed|private
🔓	unlocked	cracked|open
🔏	locked with pen	ink|nib|privacy
🔐	locked with key	bike|closed|secure
🔑	key	keys|lock|major|password|unlock
🗝️	old key	clue|lock
🔨	hammer	home|improvement|repairs|tool
🪓	axe	chop|hatchet|split|wood
⛏️	pick	hammer|mining|tool
⚒️	hammer and pick	tool
🛠️	hammer and wrench	spanner|tool
🗡️	dagger	knife|weapon
⚔️	crossed swords	weapon
💣	bomb	boom|comic|dangerous|explosion|hot
🪃	boomerang	rebound|repercussion|weapon
🏹	bow and arrow	archer|archery|Sagittarius|tool|weapon|zodiac
🛡️	shield	weapon
🪚	carpentry saw	carpenter|cut|lumber|tool|trim
🔧	wrench	home|improvement|spanner|tool
🪛	screwdriver	flathead|handy|tool
🔩	nut and bolt	home|improvement|tool
⚙️	gear	cog|cogwheel|tool
🗜️	clamp	compress|tool|vice
⚖️	balance scale	justice|Libra|scales|tool|weight|zodiac
🦯	white cane	accessibility|blind|probing
🔗	link	links
⛓️‍💥	broken chain	break|breaking|cuffs|freedom
⛓️	chains	
🪝	hook	catch|crook|curve|ensnare|point|selling
🧰	toolbox	chest|mechanic|red
🧲	magnet	attraction|horseshoe|magnetic|negative|positive|shape|u
🪜	ladder	climb|rung|step
⚗️	alembic	chemistry|tool
🧪	test tube	chemist|chemistry|experiment|lab|science
🧫	petri dish	bacteria|biologist|biology|culture|lab
🧬	dna	biologist|evolution|gene|genetics|life
🔬	microscope	experiment|lab|science|tool
🔭	telescope	contact|extraterrestrial|science|tool
📡	satellite antenna	aliens|contact|dish|science
💉	syringe	doctor|flu|medicine|needle|shot|sick|tool|vaccination
🩸	drop of blood	bleed|donation|injury|medicine|menstruation
💊	pill	doctor|drugs|medicated|medicine|pills|sick|vitamin
🩹	adhesive bandage	
🩼	crutch	aid|cane|disability|help|hurt|injured|mobility|stick
🩺	stethoscope	doctor|heart|medicine
🩻	x-ray	bones|doctor|medical|skeleton|skull|xray
🚪	door	back|closet|front
🛗	elevator	accessibility|hoist|lift
🪞	mirror	makeup|reflection|reflector|speculum
🪟	window	air|frame|fresh|opening|transparent|view
🛏️	bed	hotel|sleep
🛋️	couch and lamp	hotel
🪑	chair	seat|sit
🚽	toilet	bathroom
🪠	plunger	cup|force|plumber|poop|suction|toilet
🚿	shower	water
🛁	bathtub	
🪤	mouse trap	bait|cheese|lure|mousetrap|snare
🪒	razor	sharp|shave
🧴	lotion bottle	moisturizer|shampoo|sunscreen
🧷	safety pin	diaper|punk|rock
🧹	broom	cleaning|sweeping|witch
🧺	basket	farming|laundry|picnic
🧻	roll of paper	toilet|towels
🪣	bucket	cask|pail|vat
🧼	soap	bar|bathing|clean|cleaning|lather|soapdish
🫧	bubbles	burp|clean|floating|pearl|soap|underwater
🪥	toothbrush	bathroom|clean|dental|hygiene|teeth|toiletry
🧽	sponge	absorbing|cleaning|porous|soak
🧯	fire extinguisher	quench
🛒	shopping cart	trolley
🚬	cigarette	smoking
⚰️	coffin	dead|death|vampire
🪦	headstone	cemetery|dead|grave|graveyard|memorial|rip|tomb|tombstone
⚱️	funeral urn	ashes|death
🧿	nazar amulet	bead|blue|charm|evil-eye|talisman
🪬	hamsa	amulet|Fatima|fortune|guide|hand|Mary|Miriam|palm|protect|protection
🗿	moai	face|moyai|statue|stoneface|travel
🪧	placard	demonstration|notice|picket|plaque|protest|sign
🪪	identification card	credentials|document|ID|license|security
🏧	ATM sign	automated|bank|cash|money|teller
🚮	litter in bin sign	litterbin
🚰	potable water	drinking
♿	wheelchair symbol	access|handicap
🚹	men’s room	bathroom|lavatory|man|restroom|toilet|WC
🚺	women’s room	bathroom|lavatory|restroom|toilet|WC|woman
🚻	restroom	bathroom|lavatory|toilet|WC
🚼	baby symbol	changing
🚾	water closet	bathroom|lavatory|restroom|toilet|WC
🛂	passport control	
🛃	customs	packing
🛄	baggage claim	arrived|bags|case|checked|journey|packing|plane|ready|travel|trip
🛅	left luggage	baggage|case|locker
⚠️	warning	caution
🚸	children crossing	pedestrian|traffic
⛔	no entry	do|fail|forbidden|not|pass|prohibited|traffic
🚫	prohibited	entry|forbidden|no|not|smoke
🚳	no bicycles	bike|forbidden|not|prohibited
🚭	no smoking	forbidden|not|prohibited|smoke
🚯	no littering	forbidden|not|prohibited
🚱	non-potable water	dry|non-drinking|prohibited
🚷	no pedestrians	forbidden|not|prohibited
📵	no mobile phones	cell|forbidden|not|prohibited|telephone
🔞	no one under eighteen	18|age|forbidden|not|prohibited|restriction|underage
☢️	radioactive	sign
☣️	biohazard	sign
⬆️	up arrow	cardinal|direction|north
↗️	up-right arrow	direction|intercardinal|northeast
➡️	right arrow	cardinal|direction|east
↘️	down-right arrow	direction|intercardinal|southeast
⬇️	down arrow	cardinal|direction|south
↙️	down-left arrow	direction|intercardinal|southwest
⬅️	left arrow	cardinal|direction|west
↖️	up-left arrow	direction|intercardinal|northwest
↕️	up-down arrow	
↔️	left-right arrow	
↩️	right arrow curving left	
↪️	left arrow curving right	
⤴️	right arrow curving up	
⤵️	right arrow curving down	
🔃	clockwise vertical arrows	refresh|reload
🔄	counterclockwise arrows button	again|anticlockwise|deja|refresh|rewindershins|vu
🔙	BACK arrow	
🔚	END arrow	
🔛	ON! arrow	mark
🔜	SOON arrow	brb|omw
🔝	TOP arrow	homie|up
🛐	place of worship	pray|religion
⚛️	atom symbol	atheist
🕉️	om	Hindu|religion
✡️	star of David	Jew|Jewish|judaism|religion
☸️	wheel of dharma	Buddhist|religion
☯️	yin yang	difficult|lives|religion|tao|taoist|total|yinyang
✝️	latin cross	christ|Christian|religion
☦️	orthodox cross	Christian|religion
☪️	star and crescent	islam|Muslim|ramadan|religion
☮️	peace symbol	healing|peaceful
🕎	menorah	candelabrum|candlestick|hanukkah|jewish|judaism|religion
🔯	dotted six-pointed star	fortune|jewish|judaism
🪯	khanda	Deg|Fateh|Khalsa|Khanda|religion|Sikh|Sikhism|Tegh
♈	Aries	horoscope|ram|zodiac
♉	Taurus	bull|horoscope|ox|zodiac
♊	Gemini	horoscope|twins|zodiac
♋	Cancer	crab|horoscope|zodiac
♌	Leo	horoscope|lion|zodiac
♍	Virgo	horoscope|zodiac
♎	Libra	balance|horoscope|justice|scales|zodiac
♏	Scorpio	horoscope|scorpion|Scorpius|zodiac
♐	Sagittarius	archer|horoscope|zodiac
♑	Capricorn	goat|horoscope|zodiac
♒	Aquarius	bearer|horoscope|water|zodiac
♓	Pisces	fish|horoscope|zodiac
⛎	Ophiuchus	bearer|serpent|snake|zodiac
🔀	shuffle tracks button	arrow|crossed
🔁	repeat button	arrow|clockwise
🔂	repeat single button	arrow|clockwise|once
▶️	play button	arrow|right|triangle
⏩	fast-forward button	arrow|double
⏭️	next track button	arrow|scene|triangle
⏯️	play or pause button	arrow|right|triangle
◀️	reverse button	arrow|left|triangle
⏪	fast reverse button	arrow|double|rewind
⏮️	last track button	arrow|previous|scene|triangle
🔼	upwards button	arrow|red
⏫	fast up button	arrow|double
🔽	downwards button	arrow|red
⏬	fast down button	arrow|double
⏸️	pause button	bar|double|vertical
⏹️	stop button	square
⏺️	record button	circle
⏏️	eject button	
🎦	cinema	camera|film|movie
🔅	dim button	brightness|low
🔆	bright button	brightness|light
📶	antenna bars	cell|communication|mobile|phone|signal|telephone
🛜	wireless	broadband|computer|connectivity|hotspot|internet|network|router|smartphone|wi-fi|wifi|wlan
📳	vibration mode	cell|communication|mobile|phone|telephone
📴	mobile phone off	cell|telephone
♀️	female sign	woman
♂️	male sign	man
⚧️	transgender symbol	
✖️	multiply	×|cancel|multiplication|sign|x
➕	plus	+
➖	minus	-|−|heavy|math|sign
➗	divide	÷|division|heavy|math|sign
🟰	heavy equals sign	answer|equality|math
♾️	infinity	forever|unbounded|universal
‼️	double exclamation mark	!|!!|bangbang|punctuation
⁉️	exclamation question mark	!|!?|?|interrobang|punctuation
❓	red question mark	?|punctuation
❔	white question mark	?|outlined|punctuation
❕	white exclamation mark	!|outlined|punctuation
❗	red exclamation mark	!|punctuation
〰️	wavy dash	punctuation
💱	currency exchange	bank|money
💲	heavy dollar sign	billion|cash|charge|currency|million|money|pay
⚕️	medical symbol	aesculapius|medicine|staff
♻️	recycling symbol	recycle
⚜️	fleur-de-lis	knights
🔱	trident emblem	anchor|poseidon|ship|tool
📛	name badge	
🔰	Japanese symbol for beginner	chevron|green|leaf|tool|yellow
⭕	hollow red circle	heavy|large
✅	check mark button	✓|checked|checkmark|complete|completed|done|fixed|tick
☑️	check box with check	✓|ballot|checked|done|off|tick
✔️	check mark	✓|checked|checkmark|done|heavy|tick
❌	cross mark	×|cancel|multiplication|multiply|x
❎	cross mark button	×|multiplication|multiply|square|x
➰	curly loop	
➿	double curly loop	
〽️	part alternation mark	
✳️	eight-spoked asterisk	*
✴️	eight-pointed star	*
❇️	sparkle	*
©️	copyright	C
®️	registered	R
™️	trade mark	TM|trademark
#️⃣	keycap: #	
*️⃣	keycap: *	
0️⃣	keycap: 0	zero
1️⃣	keycap: 1	one
2️⃣	keycap: 2	two
3️⃣	keycap: 3	three
4️⃣	keycap: 4	four
5️⃣	keycap: 5	five
6️⃣	keycap: 6	six
7️⃣	keycap: 7	seven
8️⃣	keycap: 8	eight
9️⃣	keycap: 9	nine
🔟	keycap: 10	
🔠	input latin uppercase	ABCD|letters
🔡	input latin lowercase	abcd|letters
🔢	input numbers	1234
🔣	input symbols	&|%|♪|〒
🔤	input latin letters	abc|alphabet
🅰️	A button (blood type)	
🆎	AB button (blood type)	
🅱️	B button (blood type)	
🆑	CL button	
🆒	COOL button	
🆓	FREE button	
ℹ️	information	I
🆔	ID button	identity
Ⓜ️	circled M	
🆕	NEW button	
🆖	NG button	
🅾️	O button (blood type)	
🆗	OK button	okay
🅿️	P button	parking
🆘	SOS button	help
🆙	UP! button	mark
🆚	VS button	versus
🈁	Japanese “here” button	katakana
🈂️	Japanese “service charge” button	katakana
🈷️	Japanese “monthly amount” button	ideograph
🈶	Japanese “not free of charge” button	ideograph
🈯	Japanese “reserved” button	ideograph
🉐	Japanese “bargain” button	ideograph
🈹	Japanese “discount” button	ideograph
🈚	Japanese “free of charge” button	ideograph
🈲	Japanese “prohibited” button	ideograph
🉑	Japanese “acceptable” button	ideograph
🈸	Japanese “application” button	ideograph
🈴	Japanese “passing grade” button	ideograph
🈳	Japanese “vacancy” button	ideograph
㊗️	Japanese “congratulations” button	ideograph
㊙️	Japanese “secret” button	ideograph
🈺	Japanese “open for business” button	ideograph
🈵	Japanese “no vacancy” button	ideograph
🔴	red circle	geometric
🟠	orange circle	
🟡	yellow circle	
🟢	green circle	
🔵	blue circle	geometric
🟣	purple circle	
🟤	brown circle	
⚫	black circle	geometric
⚪	white circle	geometric
🟥	red square	card|penalty
🟧	orange square	
🟨	yellow square	card|penalty
🟩	green square	
🟦	blue square	
🟪	purple square	
🟫	brown square	
⬛	black large square	geometric
⬜	white large square	geometric
◼️	black medium square	geometric
◻️	white medium square	geometric
◾	black medium-small square	geometric
◽	white medium-small square	geometric
▪️	black small square	geometric
▫️	white small square	geometric
🔶	large orange diamond	geometric
🔷	large blue diamond	geometric
🔸	small orange diamond	geometric
🔹	small blue diamond	geometric
🔺	red triangle pointed up	geometric
🔻	red triangle pointed down	geometric
💠	diamond with a dot	comic|geometric
🔘	radio button	geometric
🔳	white square button	geometric|outlined
🔲	black square button	geometric
🏁	chequered flag	checkered|finish|flags|game|race|racing|sport|win
🚩	triangular flag	construction|golf|post
🎌	crossed flags	celebration|Japanese
🏴	black flag	waving
🏳️	white flag	waving
🏳️‍🌈	rainbow flag	bisexual|gay|genderqueer|glbt|glbtq|lesbian|lgbt|lgbtq|lgbtqia|pride|queer|trans|transgender
🏳️‍⚧️	transgender flag	blue|light|pink|white
🏴‍☠️	pirate flag	Jolly|plunder|Roger|treasure
🇦🇨	flag: Ascension Island	
🇦🇩	flag: Andorra	
🇦🇪	flag: United Arab Emirates	
🇦🇫	flag: Afghanistan	
🇦🇬	flag: Antigua & Barbuda	
🇦🇮	flag: Anguilla	
🇦🇱	flag: Albania	
🇦🇲	flag: Armenia	
🇦🇴	flag: Angola	
🇦🇶	flag: Antarctica	
🇦🇷	flag: Argentina	
🇦🇸	flag: American Samoa	
🇦🇹	flag: Austria	
🇦🇺	flag: Australia	
🇦🇼	flag: Aruba	
🇦🇽	flag: Åland Islands	
🇦🇿	flag: Azerbaijan	
🇧🇦	flag: Bosnia & Herzegovina	
🇧🇧	flag: Barbados	
🇧🇩	flag: Bangladesh	
🇧🇪	flag: Belgium	
🇧🇫	flag: Burkina Faso	
🇧🇬	flag: Bulgaria	
🇧🇭	flag: Bahrain	
🇧🇮	flag: Burundi	
🇧🇯	flag: Benin	
🇧🇱	flag: St. Barthélemy	
🇧🇲	flag: Bermuda	
🇧🇳	flag: Brunei	
🇧🇴	flag: Bolivia	
🇧🇶	flag: Caribbean Netherlands	
🇧🇷	flag: Brazil	
🇧🇸	flag: Bahamas	
🇧🇹	flag: Bhutan	
🇧🇻	flag: Bouvet Island	
🇧🇼	flag: Botswana	
🇧🇾	flag: Belarus	
🇧🇿	flag: Belize	
🇨🇦	flag: Canada	
🇨🇨	flag: Cocos (Keeling) Islands	
🇨🇩	flag: Congo - Kinshasa	
🇨🇫	flag: Central African Republic	
🇨🇬	flag: Congo - Brazzaville	
🇨🇭	flag: Switzerland	
🇨🇮	flag: Côte d’Ivoire	
🇨🇰	flag: Cook Islands	
🇨🇱	flag: Chile	
🇨🇲	flag: Cameroon	
🇨🇳	flag: China	
🇨🇴	flag: Colombia	
🇨🇵	flag: Clipperton Island	
🇨🇷	flag: Costa Rica	
🇨🇺	flag: Cuba	
🇨🇻	flag: Cape Verde	
🇨🇼	flag: Curaçao	
🇨🇽	flag: Christmas Island	
🇨🇾	flag: Cyprus	
🇨🇿	flag: Czechia	
🇩🇪	flag: Germany	
🇩🇬	flag: Diego Garcia	
🇩🇯	flag: Djibouti	
🇩🇰	flag: Denmark	
🇩🇲	flag: Dominica	
🇩🇴	flag: Dominican Republic	
🇩🇿	flag: Algeria	
🇪🇦	flag: Ceuta & Melilla	
🇪🇨	flag: Ecuador	
🇪🇪	flag: Estonia	
🇪🇬	flag: Egypt	
🇪🇭	flag: Western Sahara	
🇪🇷	flag: Eritrea	
🇪🇸	flag: Spain	
🇪🇹	flag: Ethiopia	
🇪🇺	flag: European Union	
🇫🇮	flag: Finland	
🇫🇯	flag: Fiji	
🇫🇰	flag: Falkland Islands	
🇫🇲	flag: Micronesia	
🇫🇴	flag: Faroe Islands	
🇫🇷	flag: France	
🇬🇦	flag: Gabon	
🇬🇧	flag: United Kingdom	
🇬🇩	flag: Grenada	
🇬🇪	flag: Georgia	
🇬🇫	flag: French Guiana	
🇬🇬	flag: Guernsey	
🇬🇭	flag: Ghana	
🇬🇮	flag: Gibraltar	
🇬🇱	flag: Greenland	
🇬🇲	flag: Gambia	
🇬🇳	flag: Guinea	
🇬🇵	flag: Guadeloupe	
🇬🇶	flag: Equatorial Guinea	
🇬🇷	flag: Greece	
🇬🇸	flag: South Georgia & South Sandwich Islands	
🇬🇹	flag: Guatemala	
🇬🇺	flag: Guam	
🇬🇼	flag: Guinea-Bissau	
🇬🇾	flag: Guyana	
🇭🇰	flag: Hong Kong SAR China	
🇭🇲	flag: Heard & McDonald Islands	
🇭🇳	flag: Honduras	
🇭🇷	flag: Croatia	
🇭🇹	flag: Haiti	
🇭🇺	flag: Hungary	
🇮🇨	flag: Canary Islands	
🇮🇩	flag: Indonesia	
🇮🇪	flag: Ireland	
🇮🇱	flag: Israel	
🇮🇲	flag: Isle of Man	
🇮🇳	flag: India	
🇮🇴	flag: British Indian Ocean Territory	
🇮🇶	flag: Iraq	
🇮🇷	flag: Iran	
🇮🇸	flag: Iceland	
🇮🇹	flag: Italy	
🇯🇪	flag: Jersey	
🇯🇲	flag: Jamaica	
🇯🇴	flag: Jordan	
🇯🇵	flag: Japan	
🇰🇪	flag: Kenya	
🇰🇬	flag: Kyrgyzstan	
🇰🇭	flag: Cambodia	
🇰🇮	flag: Kiribati	
🇰🇲	flag: Comoros	
🇰🇳	flag: St. Kitts & Nevis	
🇰🇵	flag: North Korea	
🇰🇷	flag: South Korea	
🇰🇼	flag: Kuwait	
🇰🇾	flag: Cayman Islands	
🇰🇿	flag: Kazakhstan	
🇱🇦	flag: Laos	
🇱🇧	flag: Lebanon	
🇱🇨	flag: St. Lucia	
🇱🇮	flag: Liechtenstein	
🇱🇰	flag: Sri Lanka	
🇱🇷	flag: Liberia	
🇱🇸	flag: Lesotho	
🇱🇹	flag: Lithuania	
🇱🇺	flag: Luxembourg	
🇱🇻	flag: Latvia	
🇱🇾	flag: Libya	
🇲🇦	flag: Morocco	
🇲🇨	flag: Monaco	
🇲🇩	flag: Moldova	
🇲🇪	flag: Montenegro	
🇲🇫	flag: St. Martin	
🇲🇬	flag: Madagascar	
🇲🇭	flag: Marshall Islands	
🇲🇰	flag: North Macedonia	
🇲🇱	flag: Mali	
🇲🇲	flag: Myanmar (Burma)	
🇲🇳	flag: Mongolia	
🇲🇴	flag: Macao SAR China	
🇲🇵	flag: Northern Mariana Islands	
🇲🇶	flag: Martinique	
🇲🇷	flag: Mauritania	
🇲🇸	flag: Montserrat	
🇲🇹	flag: Malta	
🇲🇺	flag: Mauritius	
🇲🇻	flag: Maldives	
🇲🇼	flag: Malawi	
🇲🇽	flag: Mexico	
🇲🇾	flag: Malaysia	
🇲🇿	flag: Mozambique	
🇳🇦	flag: Namibia	
🇳🇨	flag: New Caledonia	
🇳🇪	flag: Niger	
🇳🇫	flag: Norfolk Island	
🇳🇬	flag: Nigeria	
🇳🇮	flag: Nicaragua	
🇳🇱	flag: Netherlands	
🇳🇴	flag: Norway	
🇳🇵	flag: Nepal	
🇳🇷	flag: Nauru	
🇳🇺	flag: Niue	
🇳🇿	flag: New Zealand	
🇴🇲	flag: Oman	
🇵🇦	flag: Panama	
🇵🇪	flag: Peru	
🇵🇫	flag: French Polynesia	
🇵🇬	flag: Papua New Guinea	
🇵🇭	flag: Philippines	
🇵🇰	flag: Pakistan	
🇵🇱	flag: Poland	
🇵🇲	flag: St. Pierre & Miquelon	
🇵🇳	flag: Pitcairn Islands	
🇵🇷	flag: Puerto Rico	
🇵🇸	flag: Palestinian Territories	
🇵🇹	flag: Portugal	
🇵🇼	flag: Palau	
🇵🇾	flag: Paraguay	
🇶🇦	flag: Qatar	
🇷🇪	flag: Réunion	
🇷🇴	flag: Romania	
🇷🇸	flag: Serbia	
🇷🇺	flag: Russia	
🇷🇼	flag: Rwanda	
🇸🇦	flag: Saudi Arabia	
🇸🇧	flag: Solomon Islands	
🇸🇨	flag: Seychelles	
🇸🇩	flag: Sudan	
🇸🇪	flag: Sweden	
🇸🇬	flag: Singapore	
🇸🇭	flag: St. Helena	
🇸🇮	flag: Slovenia	
🇸🇯	flag: Svalbard & Jan Mayen	
🇸🇰	flag: Slovakia	
🇸🇱	flag: Sierra Leone	
🇸🇲	flag: San Marino	
🇸🇳	flag: Senegal	
🇸🇴	flag: Somalia	
🇸🇷	flag: Suriname	
🇸🇸	flag: South Sudan	
🇸🇹	flag: São Tomé & Príncipe	
🇸🇻	flag: El Salvador	
🇸🇽	flag: Sint Maarten	
🇸🇾	flag: Syria	
🇸🇿	flag: Eswatini	
🇹🇦	flag: Tristan da Cunha	
🇹🇨	flag: Turks & Caicos Islands	
🇹🇩	flag: Chad	
🇹🇫	flag: French Southern Territories	
🇹🇬	flag: Togo	
🇹🇭	flag: Thailand	
🇹🇯	flag: Tajikistan	
🇹🇰	flag: Tokelau	
🇹🇱	flag: Timor-Leste	
🇹🇲	flag: Turkmenistan	
🇹🇳	flag: Tunisia	
🇹🇴	flag: Tonga	
🇹🇷	flag: Türkiye	
🇹🇹	flag: Trinidad & Tobago	
🇹🇻	flag: Tuvalu	
🇹🇼	flag: Taiwan	
🇹🇿	flag: Tanzania	
🇺🇦	flag: Ukraine	
🇺🇬	flag: Uganda	
🇺🇲	flag: U.S. Outlying Islands	
🇺🇳	flag: United Nations	
🇺🇸	flag: United States	
🇺🇾	flag: Uruguay	
🇺🇿	flag: Uzbekistan	
🇻🇦	flag: Vatican City	
🇻🇨	flag: St. Vincent & Grenadines	
🇻🇪	flag: Venezuela	
🇻🇬	flag: British Virgin Islands	
🇻🇮	flag: U.S. Virgin Islands	
🇻🇳	flag: Vietnam	
🇻🇺	flag: Vanuatu	
🇼🇫	flag: Wallis & Futuna	
🇼🇸	flag: Samoa	
🇽🇰	flag: Kosovo	
🇾🇪	flag: Yemen	
🇾🇹	flag: Mayotte	
🇿🇦	flag: South Africa	
🇿🇲	flag: Zambia	
🇿🇼	flag: Zimbabwe	
🏴󠁧󠁢󠁥󠁮󠁧󠁿	flag: England	
🏴󠁧󠁢󠁳󠁣󠁴󠁿	flag: Scotland	
🏴󠁧󠁢󠁷󠁬󠁳󠁿	flag: Wales	
